1.52792,42.50525,MCDONALD'S (MCDRIVE),AD500 ANDORRA LA VELLA
3.9522,50.45396,MCDONALD'S,7000 MONS
4.00676,50.83615,MCDONALD'S (MCDRIVE),9400 NINOVE
5.52909,50.67204,MCDONALD'S (MCDRIVE),4432 ANS
5.49662,50.61946,MCDONALD'S (MCDRIVE),4101 SERAING
4.42933,51.24396,MCDONALD'S (MCDRIVE),2170 ANTWERPEN
4.46284,51.26605,MCDONALD'S (MCDRIVE),2170 ANTWERPEN
4.37893,51.14255,MCDONALD'S (MCDRIVE),2630 AARTSELAAR
4.41929,51.21738,MCDONALD'S,2018 ANTWERPEN
4.40114,51.21964,MCDONALD'S,2000 ANTWERPEN
4.27818,50.81915,MCDONALD'S,1070 ANDERLECHT
4.28878,50.8049,MCDONALD'S (MCDRIVE),1600 SINT-PIETERS-LEEUW
4.36707,50.81566,MCDONALD'S,1180 UKKEL
4.50012,50.7861,MCDONALD'S (MCDRIVE),3090 OVERIJSE
4.35758,50.85438,MCDONALD'S,1000 BRUXELLES
4.34959,50.8483,MCDONALD'S,1000 BRUXELLES
4.41482,51.21804,MCDONALD'S,2000 ANTWERPEN
3.72194,51.05382,MCDONALD'S,9000 GENT
3.71374,51.10187,MCDONALD'S (MCDRIVE),9032 GENT
3.71113,51.04682,MCDONALD'S (MCDRIVE),9000 GENT
4.4414,50.40848,MCDONALD'S,6000 CHARLEROI
4.20706,50.48775,MCDONALD'S (MCDRIVE),7100 LA LOUVI�RE
5.30271,50.93871,MCDONALD'S (MCDRIVE),3511 HASSELT
6.01663,50.63906,MCDONALD'S (MCDRIVE),4700 EUPEN
3.30565,51.31708,MCDONALD'S (MCDRIVE),8300 KNOKKE-HEIST
2.91708,51.23209,MCDONALD'S,8400 OOSTENDE
3.84759,50.44085,MCDONALD'S (MCDRIVE),7390 QUAREGNON
4.07088,50.58317,MCDONALD'S (MCDRIVE),7060 SOIGNIES
4.2874,51.08166,MCDONALD'S (MCDRIVE),2870 PUURS
4.11677,51.0356,MCDONALD'S (MCDRIVE),9200 DENDERMONDE
4.23121,50.73662,MCDONALD'S (MCDRIVE),1500 HALLE
3.84597,50.98377,MCDONALD'S (MCDRIVE),9230 WETTEREN
4.95112,51.14385,MCDONALD'S (MCDRIVE),2440 GEEL
3.61741,50.90897,MCDONALD'S (MCDRIVE),9750 ZINGEM
5.86145,50.59242,MCDONALD'S,4800 VERVIERS
5.37484,51.02432,MCDONALD'S (MCDRIVE),3530 HOUTHALEN-HELCHTEREN
4.85047,51.17729,MCDONALD'S (MCDRIVE),2200 HERENTALS
4.58688,50.96019,MCDONALD'S (MCDRIVE),1910 KAMPENHOUT
3.23696,50.74481,MCDONALD'S (MCDRIVE),7700 MOUSCRON
5.812,49.61424,MCDONALD'S (MCDRIVE),6780 MESSANCY
4.70004,50.87886,MCDONALD'S,3000 LEUVEN
4.03883,50.93818,MCDONALD'S,9300 AALST
5.57158,50.64347,MCDONALD'S,4000 LI�GE
5.3153,51.22173,MCDONALD'S (MCDRIVE),3920 LOMMEL
5.04288,50.97643,MCDONALD'S (MCDRIVE),3290 DIEST
3.25536,51.20931,MCDONALD'S (MCDRIVE),8310 BRUGGE
4.01809,51.09103,MCDONALD'S (MCDRIVE),9160 LOKEREN
4.47258,51.03365,MCDONALD'S (MCDRIVE),2800 MECHELEN
3.27774,50.80561,MCDONALD'S (MCDRIVE),8500 KORTRIJK
4.8645,50.46819,MCDONALD'S,5000 NAMUR
4.4543,50.39788,MCDONALD'S (MCDRIVE),6001 CHARLEROI
3.45154,51.20361,MCDONALD'S (MCDRIVE),9990 MALDEGEM
4.19068,51.17676,MCDONALD'S (MCDRIVE),9100 SINT-NIKLAAS
4.36208,50.83742,MCDONALD'S,1050 ELSENE
3.11967,50.97138,MCDONALD'S (MCDRIVE),8800 ROESELARE
2.9044,51.20644,MCDONALD'S (MCDRIVE),8400 OOSTENDE
4.49854,51.223,MCDONALD'S (MCDRIVE),2110 WIJNEGEM
4.40836,50.68987,MCDONALD'S (MCDRIVE),1410 WATERLOO
14.49778,50.13566,MCDONALD'S (MCDRIVE),199 00 PRAHA
14.50022,50.11959,MCDONALD'S (MCDRIVE),190 00 PRAHA
14.4233,50.07999,MCDONALD'S,110 00 PRAHA
14.4701,50.0683,MCDONALD'S (MCDRIVE),100 00 PRAHA
14.35534,50.04888,MCDONALD'S (MCDRIVE),158 00 PRAHA
14.46075,50.07833,MCDONALD'S (MCDRIVE),130 00 PRAHA
14.44025,50.10821,MCDONALD'S,170 00 PRAHA
14.43206,50.07547,MCDONALD'S,120 00 PRAHA
14.58342,50.10956,MCDONALD'S (MCDRIVE),198 00 PRAHA
14.40495,50.08751,MCDONALD'S,118 00 PRAHA
14.30725,50.06519,MCDONALD'S (MCDRIVE),163 00 PRAHA
14.44186,50.03373,MCDONALD'S,140 00 PRAHA
14.44749,50.04435,MCDONALD'S (MCDRIVE),140 00 PRAHA
14.43726,50.09064,MCDONALD'S (MCDRIVE),186 00 PRAHA
14.43958,50.0339,MCDONALD'S (MCDRIVE),140 00 PRAHA
14.41373,50.09866,MCDONALD'S,170 00 PRAHA
14.42989,50.07989,MCDONALD'S,110 00 PRAHA
13.43841,49.74576,MCDONALD'S,312 00 PLZE?
13.3763,49.75341,MCDONALD'S (MCDRIVE),301 00 PLZE?
13.34488,49.72816,MCDONALD'S (MCDRIVE),318 00 PLZE?
18.26387,49.83173,MCDONALD'S (MCDRIVE),702 00 OSTRAVA
16.60787,49.19478,MCDONALD'S,602 00 BRNO
16.62783,49.15783,MCDONALD'S,619 00 BRNO
16.6046,49.17771,MCDONALD'S (MCDRIVE),639 00 BRNO
18.18604,49.82753,MCDONALD'S,708 00 OSTRAVA
14.28737,50.0534,MCDONALD'S,155 21 PRAHA
14.29429,50.05032,MCDONALD'S (MCDRIVE),155 21 PRAHA
14.94309,50.40831,MCDONALD'S (MCDRIVE),293 01 MLAD� BOLESLAV
14.91159,50.42547,MCDONALD'S (MCDRIVE),293 01 MLAD� BOLESLAV
16.63391,49.13503,MCDONALD'S,664 42 MOD?ICE
12.87158,50.22934,MCDONALD'S,360 01 KARLOVY VARY
14.32279,50.09291,MCDONALD'S (MCDRIVE),161 00 PRAHA
14.51839,50.05388,MCDONALD'S (MCDRIVE),102 00 PRAHA
14.42454,50.01443,MCDONALD'S (MCDRIVE),143 00 PRAHA
18.29114,49.83471,MCDONALD'S,702 00 OSTRAVA
16.61085,49.19144,MCDONALD'S,602 00 BRNO
16.61369,49.18751,MCDONALD'S (MCDRIVE),602 00 BRNO
15.05199,50.74227,MCDONALD'S (MCDRIVE),463 12 LIBEREC
14.54463,50.00879,MCDONALD'S (MCDRIVE),149 00 PRAHA
16.75971,49.18416,MCDONALD'S (MCDRIVE),664 05 TVARO�N�
14.49418,50.14684,MCDONALD'S,182 00 PRAHA
15.77089,50.03617,MCDONALD'S,530 02 PARDUBICE
14.49213,50.0318,MCDONALD'S,148 00 PRAHA
14.58283,50.10776,MCDONALD'S,198 00 PRAHA
14.58707,50.10629,MCDONALD'S,198 00 PRAHA
14.268,50.10521,MCDONALD'S-PRAHA RUZYN?,161 00 PRAHA
14.56971,50.00391,MCDONALD'S (MCDRIVE),252 43 PR?HONICE
14.21794,50.03376,MCDONALD'S (MCDRIVE),252 19 RUDN�
14.21319,50.03306,MCDONALD'S (MCDRIVE),252 19 RUDN�
14.11543,50.13099,MCDONALD'S (MCDRIVE),272 01 KLADNO
13.64071,50.50496,MCDONALD'S (MCDRIVE),434 01 MOST
12.60293,49.67876,MCDONALD'S (MCDRIVE),348 06 ROZVADOV
14.48328,48.97443,MCDONALD'S (MCDRIVE),370 01 ?ESK� BUD?JOVICE
14.68786,49.39507,MCDONALD'S (MCDRIVE),390 02 T�BOR
18.22385,49.80006,MCDONALD'S (MCDRIVE),700 30 OSTRAVA
15.94709,49.37785,MCDONALD'S (MCDRIVE),594 42 STR�NECK� ZHO?
17.25012,49.59411,MCDONALD'S (MCDRIVE),779 00 OLOMOUC
15.05764,50.76951,MCDONALD'S,460 01 LIBEREC
17.66649,49.22659,MCDONALD'S,760 05 ZL�N
17.57123,49.20408,MCDONALD'S (MCDRIVE),763 02 ZL�N
14.40292,50.07197,MCDONALD'S,150 00 PRAHA
15.83431,50.21749,MCDONALD'S (MCDRIVE),500 03 HRADEC KR�LOV�
15.84812,50.1971,MCDONALD'S,500 12 HRADEC KR�LOV�
17.22951,49.57336,MCDONALD'S (MCDRIVE),779 00 OLOMOUC
15.59094,49.39526,MCDONALD'S (MCDRIVE),586 01 JIHLAVA
14.46943,48.99278,MCDONALD'S (MCDRIVE),370 04 ?ESK� BUD?JOVICE
14.04,50.65984,MCDONALD'S (MCDRIVE),400 01 �ST� NAD LABEM
13.98232,50.68999,MCDONALD'S (MCDRIVE),400 10 �ST� NAD LABEM
16.03256,49.35377,MCDONALD'S (MCDRIVE),594 01 VELK� MEZI?�?�
15.08156,50.12037,MCDONALD'S (MCDRIVE),290 01 POD?BRADY
14.42495,50.08514,MCDONALD'S,110 00 PRAHA
14.42583,50.08269,MCDONALD'S,110 00 PRAHA
14.44537,50.09829,MCDONALD'S,170 00 PRAHA
14.41077,50.06291,MCDONALD'S (MCDRIVE),150 00 PRAHA
14.4395,50.05162,MCDONALD'S,140 00 PRAHA
14.40259,50.07196,MCDONALD'S (MCDRIVE),150 00 PRAHA
15.69808,50.13916,MCDONALD'S (MCDRIVE),503 26 OSICE
13.37951,49.74338,MCDONALD'S (MCDRIVE),301 00 PLZE?
-3.17817,51.48171,MCDONALD'S,CF10 2 CARDIFF
-3.40173,51.75104,MCDONALD'S (MCDRIVE),CF48 1 MERTHYR TYDFIL
-3.37758,51.74448,MCDONALD'S,CF47 8 MERTHYR TYDFIL
-3.44764,51.71654,MCDONALD'S (MCDRIVE),CF44 8 ABERDARE
-4.13383,51.67751,MCDONALD'S (MCDRIVE),SA14 9 LLANELLI
-3.02157,51.6554,MCDONALD'S,NP44 1 CWMBRAN
-3.4548,51.63027,MCDONALD'S (MCDRIVE),CF40 2 LLWYNYPIA
-3.94373,51.62019,MCDONALD'S,SA1 3 SWANSEA
-3.79312,51.59419,MCDONALD'S (MCDRIVE),SA12 6 ABERAVON
-2.99674,51.59589,MCDONALD'S (MCDRIVE),NP20 5 NEWPORT
-2.99692,51.58823,MCDONALD'S,NP20 1 NEWPORT
-2.94481,51.57429,MCDONALD'S (MCDRIVE),NP19 4 LISWERRY
-3.27414,51.56479,MCDONALD'S (MCDRIVE),CF4 7 NANTGARW
-3.02388,51.55608,MCDONALD'S,NP10 8 DUFFRYN
-3.49626,51.51437,MCDONALD'S (MCDRIVE),CF35 5 BRIDGEND
-3.56703,51.49601,MCDONALD'S (MCDRIVE),CF31 3 BRIDGEND
-3.20321,51.4992,MCDONALD'S (MCDRIVE),CF14 3 GABALFA
-3.27382,51.4638,MCDONALD'S (MCDRIVE),CF5 6 ST NICHOLAS
-3.23169,51.41491,MCDONALD'S (MCDRIVE),CF63 2 BARRY
-4.3089,51.84628,MCDONALD'S (MCDRIVE),SA31 2 CARMARTHEN
-3.30984,52.51406,MCDONALD'S (MCDRIVE),SY16 1 NEWTOWN
-3.81965,53.31906,MCDONALD'S (MCDRIVE),LL30 1 LLANDUDNO
-3.49135,53.3217,MCDONALD'S,LL18 1 RHYL
-3.56775,53.2844,MCDONALD'S (MCDRIVE),LL22 9 ABERGELE
-3.14159,53.16808,MCDONALD'S (MCDRIVE),CH7 1 MOLD
-4.26745,53.13366,MCDONALD'S (MCDRIVE),LL55 2 CAERNARVON
-2.99613,53.04671,MCDONALD'S,LL11 1 WREXHAM
-3.92126,51.66556,MCDONALD'S (MCDRIVE),SA6 8 SWANSEA
-4.07571,51.79483,MCDONALD'S (MCDRIVE),SA14 6 CROSS HANDS
-3.13765,53.24809,MCDONALD'S (MCDRIVE),CH6 5 FLINT
-3.94611,51.62059,MCDONALD'S,SA1 5 SWANSEA
-3.13022,51.53539,MCDONALD'S (MCDRIVE),CF3 6 CARDIFF
-3.18682,51.4566,MCDONALD'S (MCDRIVE),CF11 0 CARDIFF
-3.99767,51.67805,MCDONALD'S (MCDRIVE),SA4 9 SWANSEA
-2.92238,51.60275,MCDONALD'S (MCDRIVE),NP18 2 LANGSTONE
-3.00959,51.57377,MCDONALD'S (MCDRIVE),NP20 3 NEWPORT
-3.82007,51.62893,MCDONALD'S (MCDRIVE),SA12 8 BAGLAN
-3.0435,52.95051,MCDONALD'S (MCDRIVE),LL14 5 WREXHAM
-4.14531,53.2128,MCDONALD'S (MCDRIVE),LL57 4 BANGOR
-3.96824,51.63508,MCDONALD'S (MCDRIVE),SA5 8 SWANSEA
-3.57464,51.53202,MCDONALD'S,CF35 6 THE DERWEN
-3.21112,51.5887,MCDONALD'S,CF83 3 CAERPHILLY
-3.19368,51.67197,MCDONALD'S (MCDRIVE),NP12 1 BLACKWOOD
-4.97912,51.78928,MCDONALD'S (MCDRIVE),SA61 1 MERLINS BRIDGE
-3.64248,51.73749,MCDONALD'S (MCDRIVE),SA11 4 RESOLVEN
-4.06944,52.4063,MCDONALD'S (MCDRIVE),SY23 1 ABERYSTWYTH
-3.02098,51.69319,MCDONALD'S (MCDRIVE),NP4 0 PONTYMOILE
-3.80893,53.28224,MCDONALD'S (MCDRIVE),LL31 9 LLANDUDNO JUNCTION
-4.62957,53.30346,MCDONALD'S (MCDRIVE),LL65 2 KINGSLAND
-3.02974,53.20362,MCDONALD'S,CH5 1 QUEENSFERRY
-3.08129,53.19202,MCDONALD'S (MCDRIVE),CH7 6 NORTHOP HALL
-3.07659,51.59754,MCDONALD'S (MCDRIVE),NP10 9 ROGERSTONE
-3.17819,51.47871,MCDONALD'S,CF10 1 CARDIFF
-3.24371,51.52393,MCDONALD'S (MCDRIVE),CF4 7 TONGWYNLAIS
-3.84122,51.65325,MCDONALD'S (MCDRIVE),SA10 6 NEATH
-3.30564,53.27394,MCDONALD'S (MCDRIVE),CH8 8 HOLYWELL
-3.91108,51.62051,MCDONALD'S (MCDRIVE),SA1 8 SWANSEA
-3.20596,51.77641,MCDONALD'S (MCDRIVE),NP23 6 EBBW VALE
-3.37835,51.53363,MCDONALD'S (MCDRIVE),CF72 8 TALBOT GREEN
-3.14114,51.4984,MCDONALD'S (MCDRIVE),CF23 9 CARDIFF
-4.93306,51.69403,MCDONALD'S (MCDRIVE),SA72 6 PEMBROKE DOCK
12.51869,55.75429,MCDONALD'S (MCDRIVE),2820 GENTOFTE
12.38463,55.72281,MCDONALD'S (MCDRIVE),2750 BALLERUP
12.57745,55.70463,MCDONALD'S,2100 INDRE �STERBRO
12.46254,55.69191,MCDONALD'S (MCDRIVE),2610 R�DOVRE
12.57217,55.68324,MCDONALD'S,1358 INDRE BY
12.53381,55.68002,MCDONALD'S,2000 FREDERIKSBERG
12.57,55.67674,MCDONALD'S,1459 INDRE BY
12.60593,55.65963,MCDONALD'S,2300 SUNDBY�STER
12.27748,55.64237,MCDONALD'S,2630 H�JE TAASTRUP
12.5642,55.67315,MCDONALD'S,1570 VESTERBRO
12.49355,55.74205,MCDONALD'S (MCDRIVE),2860 GLADSAXE
12.54933,55.69403,MCDONALD'S,2200 INDRE N�RREBRO
12.56618,55.67533,MCDONALD'S,1620 INDRE BY
12.07272,55.63374,MCDONALD'S (MCDRIVE),4000 ROSKILDE
12.18583,55.48036,MCDONALD'S,4600 K�GE
11.70626,55.71711,MCDONALD'S,4300 HOLB�K
11.35362,55.39169,MCDONALD'S (MCDRIVE),4200 SLAGELSE
11.7801,55.25063,MCDONALD'S,4700 N�STVED
11.87629,54.7685,MCDONALD'S,4800 NYK�BING FALSTER
10.33869,55.41044,MCDONALD'S,5210 ODENSE
10.3824,55.39561,MCDONALD'S,5000 ODENSE
10.59993,55.0604,MCDONALD'S (MCDRIVE),5700 SVENDBORG
12.21445,55.54564,MCDONALD'S (MCDRIVE),2690 SOLR�D (RURAL)
10.00156,57.45599,MCDONALD'S,9800 HJ�RRING
10.5081,57.44661,MCDONALD'S,9900 FREDERIKSHAVN
9.94624,57.06982,MCDONALD'S (MCDRIVE),9400 N�RRESUNDBY
9.92175,57.04896,MCDONALD'S,9000 AALBORG
9.88692,57.00965,MCDONALD'S (MCDRIVE),9200 AALBORG
10.87381,56.40588,MCDONALD'S,8500 GRENAA
10.24585,56.20195,MCDONALD'S,8240 �RHUS
9.54529,56.18425,MCDONALD'S (MCDRIVE),8600 SILKEBORG
10.20815,56.15741,MCDONALD'S,8000 �RHUS
10.20617,56.15408,MCDONALD'S,8000 �RHUS
8.69346,56.95334,MCDONALD'S,7700 THISTED
9.36497,56.44841,MCDONALD'S,8800 VIBORG (RURAL)
8.48005,55.6243,MCDONALD'S,6800 VARDE
8.45616,55.50849,MCDONALD'S (MCDRIVE),6715 GJESING
8.45203,55.46597,MCDONALD'S,6700 ESBJERG
8.5825,56.48818,MCDONALD'S,7600 STRUER
8.9842,56.13504,MCDONALD'S (MCDRIVE),7400 HERNING
8.23982,56.09147,MCDONALD'S,6950 RINGK�BING
9.82534,55.84675,MCDONALD'S,8700 HORSENS
9.53616,55.71078,MCDONALD'S,7100 VEJLE
9.72602,55.56936,MCDONALD'S (MCDRIVE),7000 FREDERICIA
10.03279,56.45781,MCDONALD'S (MCDRIVE),8900 RANDERS
9.02966,56.56396,MCDONALD'S,7800 SKIVE
9.12765,55.49368,MCDONALD'S (MCDRIVE),6600 VEJEN (RURAL)
12.11621,55.64252,MCDONALD'S (MCDRIVE),4000 ROSKILDE
12.43699,55.66942,MCDONALD'S,2605 BR�NDBY�STER
9.75148,57.1498,MCDONALD'S (MCDRIVE),9440 AABYBRO
9.97794,56.06865,MCDONALD'S,8660 SKANDERBORG (RURAL)
12.02969,55.96892,MCDONALD'S (MCDRIVE),3300 FREDERIKSV�RK
12.4403,55.84098,MCDONALD'S (MCDRIVE),3460 BIRKER�D
10.05708,56.42878,MCDONALD'S (MCDRIVE),8960 PADERUP
12.45986,55.64516,MCDONALD'S,2650 HVIDOVRE
12.39073,55.62279,MCDONALD'S,2665 VALLENSB�K STRAND
12.50772,55.65054,MCDONALD'S (MCDRIVE),2500 VALBY
12.4377,55.71654,MCDONALD'S (MCDRIVE),2730 HERLEV
9.36142,55.06753,MCDONALD'S (MCDRIVE),6230 AABENRAA (RURAL)
8.88736,54.95076,MCDONALD'S,6270 T�NDER (RURAL)
9.76745,55.5097,MCDONALD'S (MCDRIVE),5500 MIDDELFART
12.65693,55.63164,MCDONALD'S (MCDRIVE),2770 T�RNBY (RURAL)
12.58942,56.02688,MCDONALD'S (MCDRIVE),3000 HELSING�R
12.56197,55.66281,MCDONALD'S,1560 VESTERBRO
8.49542,55.47963,MCDONALD'S,6705 ESBJERG
9.48138,55.24609,MCDONALD'S,6100 ERLEV
10.80466,55.30918,MCDONALD'S (MCDRIVE),5800 NYBORG
12.47686,55.90328,MCDONALD'S (MCDRIVE),2970 FREDENSBORG (RURAL)
8.61245,56.36301,MCDONALD'S (MCDRIVE),7500 HOLSTEBRO
10.40587,55.35278,MCDONALD'S (MCDRIVE),5260 ODENSE
10.20017,56.17835,MCDONALD'S (MCDRIVE),8200 �RHUS
10.38628,55.40098,MCDONALD'S,5000 ODENSE
9.69484,56.78372,MCDONALD'S (MCDRIVE),9610 REBILD (RURAL)
9.57965,55.67485,MCDONALD'S (MCDRIVE),7100 VINDING
10.16083,56.12934,MCDONALD'S (MCDRIVE),8260 �RHUS
12.07452,55.84333,MCDONALD'S (MCDRIVE),3600 FREDERIKSSUND
10.42915,55.38224,MCDONALD'S (MCDRIVE),5220 ODENSE
10.12278,56.1815,MCDONALD'S (MCDRIVE),8381 TILST
9.45816,55.50382,MCDONALD'S (MCDRIVE),6000 KOLDING
12.28462,55.65899,MCDONALD'S,2630 H�JE TAASTRUP
12.2624,55.93498,MCDONALD'S (MCDRIVE),3400 HILLER�D
9.58906,55.74836,MCDONALD'S (MCDRIVE),7100 VEJLE (RURAL)
9.80695,54.92391,MCDONALD'S,6400 S�NDERBORG
6.6779,50.86696,MCDONALD'S (MCDRIVE),50171 KERPEN
6.92695,50.91612,MCDONALD'S,50937 K�LN
6.77433,50.79436,MCDONALD'S (MCDRIVE),50374 ERFTSTADT
6.41992,51.13975,MCDONALD'S (MCDRIVE),41189 M�NCHENGLADBACH
6.43737,51.19408,MCDONALD'S,41061 M�NCHENGLADBACH
6.44993,51.19461,MCDONALD'S (MCDRIVE),41065 M�NCHENGLADBACH
6.43683,51.16579,MCDONALD'S,41239 M�NCHENGLADBACH
6.21186,51.32786,MCDONALD'S (MCDRIVE),41334 NETTETAL
6.56878,51.32656,MCDONALD'S,47798 KREFELD
6.56445,51.3334,MCDONALD'S,47798 KREFELD
6.54056,51.34719,MCDONALD'S (MCDRIVE),47803 KREFELD
6.41542,51.37756,MCDONALD'S (MCDRIVE),47906 KEMPEN
6.48258,51.22365,MCDONALD'S (MCDRIVE),41066 M�NCHENGLADBACH
6.39918,51.25299,MCDONALD'S (MCDRIVE),41747 VIERSEN
6.77617,51.2266,MCDONALD'S,40213 D�SSELDORF
6.78805,51.22803,MCDONALD'S,40211 D�SSELDORF
6.82273,51.21799,MCDONALD'S (MCDRIVE),40231 D�SSELDORF
6.59321,51.08788,MCDONALD'S,41515 GREVENBROICH
6.69856,51.22582,MCDONALD'S (MCDRIVE),40549 D�SSELDORF
6.81348,51.09429,MCDONALD'S (MCDRIVE),41540 DORMAGEN
6.84123,51.09414,MCDONALD'S,41539 DORMAGEN
6.7534,51.16341,MCDONALD'S (MCDRIVE),41468 NEUSS
6.75615,51.2069,MCDONALD'S (MCDRIVE),40221 D�SSELDORF
7.17549,50.79292,MCDONALD'S,53757 SANKT AUGUSTIN
7.20697,50.80006,MCDONALD'S,53721 SIEGBURG
7.07512,50.9024,MCDONALD'S,51149 K�LN
7.00646,50.97663,MCDONALD'S (MCDRIVE),51063 K�LN
7.07262,50.97947,MCDONALD'S (MCDRIVE),51069 K�LN
6.99906,50.92178,MCDONALD'S (MCDRIVE),51105 K�LN
6.97413,50.94029,MCDONALD'S,50679 K�LN
6.87811,50.93786,MCDONALD'S (MCDRIVE),50933 K�LN
6.91668,50.94997,MCDONALD'S,50823 K�LN
7.0745,50.74233,MCDONALD'S (MCDRIVE),53119 BONN
7.15296,50.68597,MCDONALD'S,53173 BONN
7.16749,50.67799,MCDONALD'S (MCDRIVE),53177 BONN
7.09754,50.7331,MCDONALD'S,53111 BONN
7.10213,50.73519,MCDONALD'S,53111 BONN
7.2996,50.94358,MCDONALD'S (MCDRIVE),51491 OVERATH
6.95447,50.96108,MCDONALD'S,50733 K�LN
6.95624,50.93748,MCDONALD'S,50667 K�LN
6.93956,50.93671,MCDONALD'S,50674 K�LN
6.9828,51.03163,MCDONALD'S,51373 LEVERKUSEN
7.00336,51.03892,MCDONALD'S (MCDRIVE),51373 LEVERKUSEN
7.40448,51.3412,MCDONALD'S (MCDRIVE),58135 HAGEN
7.47388,51.35772,MCDONALD'S,58095 HAGEN
7.47053,51.51435,MCDONALD'S,44135 DORTMUND
7.49256,51.52416,MCDONALD'S (MCDRIVE),44145 DORTMUND
7.46189,51.5143,MCDONALD'S,44137 DORTMUND
7.54862,51.37063,MCDONALD'S (MCDRIVE),58119 HAGEN
6.60612,51.53582,MCDONALD'S (MCDRIVE),47495 RHEINBERG
6.66466,51.66263,MCDONALD'S (MCDRIVE),46485 WESEL
6.62991,51.4509,MCDONALD'S,47441 MOERS
6.62596,51.65578,MCDONALD'S,46483 WESEL
6.77588,51.37052,MCDONALD'S (MCDRIVE),47269 DUISBURG
6.77109,51.4324,MCDONALD'S,47051 DUISBURG
6.74928,51.56339,MCDONALD'S (MCDRIVE),46539 DINSLAKEN
6.7395,51.56285,MCDONALD'S,46535 DINSLAKEN
7.08351,51.17237,MCDONALD'S,42651 SOLINGEN
7.00355,51.16178,MCDONALD'S (MCDRIVE),42697 SOLINGEN
7.04095,51.20582,MCDONALD'S (MCDRIVE),42781 HAAN
7.21252,51.23552,MCDONALD'S (MCDRIVE),42369 WUPPERTAL
7.19871,51.26993,MCDONALD'S,42275 WUPPERTAL
7.12897,51.25144,MCDONALD'S,42117 WUPPERTAL
7.14723,51.2592,MCDONALD'S,42105 WUPPERTAL
7.14992,51.2553,MCDONALD'S,42103 WUPPERTAL
7.81632,51.68088,MCDONALD'S,59065 HAMM
7.69105,51.53877,MCDONALD'S,59423 UNNA
7.83892,51.65432,MCDONALD'S (MCDRIVE),59069 HAMM
7.56132,51.45414,MCDONALD'S (MCDRIVE),58239 SCHWERTE
7.09992,51.64591,MCDONALD'S (MCDRIVE),45770 MARL
7.19775,51.61353,MCDONALD'S,45657 RECKLINGHAUSEN
6.98993,51.57331,MCDONALD'S,45964 GLADBECK
6.96881,51.65781,MCDONALD'S (MCDRIVE),46282 DORSTEN
7.12763,51.59434,MCDONALD'S (MCDRIVE),45699 HERTEN
7.05552,51.57753,MCDONALD'S,45894 GELSENKIRCHEN
6.1535,50.75932,MCDONALD'S (MCDRIVE),52078 AACHEN
7.14905,51.47459,MCDONALD'S (MCDRIVE),44867 BOCHUM
7.35279,51.44229,MCDONALD'S,58455 WITTEN
6.87717,51.40029,MCDONALD'S (MCDRIVE),45481 M�LHEIM AN DER RUHR
7.17436,51.39928,MCDONALD'S (MCDRIVE),45525 HATTINGEN
7.00805,51.49741,MCDONALD'S,45329 ESSEN
6.97495,51.48427,MCDONALD'S (MCDRIVE),45356 ESSEN
6.86565,51.35059,MCDONALD'S (MCDRIVE),40885 RATINGEN
7.02446,51.43712,MCDONALD'S (MCDRIVE),45136 ESSEN
7.10109,51.50639,MCDONALD'S,45879 GELSENKIRCHEN
7.16552,51.53193,MCDONALD'S,44649 HERNE
7.19009,51.50934,MCDONALD'S (MCDRIVE),44809 BOCHUM
7.07385,51.52172,MCDONALD'S (MCDRIVE),45881 GELSENKIRCHEN
6.8645,51.48381,MCDONALD'S,46049 OBERHAUSEN
6.15428,51.79044,MCDONALD'S (MCDRIVE),47533 KLEVE
6.26452,51.8322,MCDONALD'S (MCDRIVE),46446 EMMERICH AM RHEIN
7.00137,51.05593,MCDONALD'S (MCDRIVE),51379 LEVERKUSEN
6.12087,50.77683,MCDONALD'S,52068 AACHEN
6.95241,50.93884,MCDONALD'S,50667 K�LN
7.12136,50.98474,MCDONALD'S (MCDRIVE),51465 BERGISCH GLADBACH
7.24173,51.18119,MCDONALD'S (MCDRIVE),42897 REMSCHEID
7.20377,50.79479,MCDONALD'S,53721 SIEGBURG
7.21838,51.48196,MCDONALD'S,44787 BOCHUM
6.70856,51.41889,MCDONALD'S (MCDRIVE),47228 DUISBURG
6.8451,51.47413,MCDONALD'S (MCDRIVE),46049 OBERHAUSEN
7.28346,51.29218,MCDONALD'S (MCDRIVE),58332 SCHWELM
6.44309,51.16612,MCDONALD'S,41236 M�NCHENGLADBACH
8.74035,51.71347,MCDONALD'S,33102 PADERBORN
8.77138,51.70443,MCDONALD'S,33100 PADERBORN
8.01154,50.85622,MCDONALD'S,57072 SIEGEN
8.5645,52.03487,MCDONALD'S (MCDRIVE),33609 BIELEFELD
8.53295,52.02872,MCDONALD'S,33602 BIELEFELD
8.5728,52.00114,MCDONALD'S (MCDRIVE),33605 BIELEFELD
8.48117,51.98094,MCDONALD'S (MCDRIVE),33649 BIELEFELD
8.57101,51.95032,MCDONALD'S (MCDRIVE),33689 BIELEFELD
7.62746,51.95782,MCDONALD'S,48143 M�NSTER
7.61842,51.95185,MCDONALD'S (MCDRIVE),48151 M�NSTER
7.63155,51.96146,MCDONALD'S,48143 M�NSTER
7.67164,51.57023,MCDONALD'S (MCDRIVE),59174 KAMEN
7.05354,50.91222,MCDONALD'S (MCDRIVE),51149 K�LN
6.0842,50.77666,MCDONALD'S,52062 AACHEN
7.66013,51.6176,MCDONALD'S,59192 BERGKAMEN
6.90163,50.9572,MCDONALD'S (MCDRIVE),50827 K�LN
6.48266,50.80568,MCDONALD'S,52349 D�REN
6.45955,50.83355,MCDONALD'S (MCDRIVE),52353 D�REN
6.07711,50.83529,MCDONALD'S (MCDRIVE),52134 HERZOGENRATH
10.00662,53.65374,MCDONALD'S (MCDRIVE),22415 HAMBURG
9.95143,53.62312,MCDONALD'S,22459 HAMBURG
10.04499,53.60808,MCDONALD'S (MCDRIVE),22309 HAMBURG
10.0002,53.5942,MCDONALD'S,22299 HAMBURG
10.04566,53.58909,MCDONALD'S,22305 HAMBURG
10.09,53.58719,MCDONALD'S (MCDRIVE),22047 HAMBURG
9.50028,53.58236,MCDONALD'S (MCDRIVE),21680 STADE
9.97638,53.57822,MCDONALD'S,20144 HAMBURG
9.93763,53.57688,MCDONALD'S (MCDRIVE),22525 HAMBURG
9.92384,53.56376,MCDONALD'S (MCDRIVE),22761 HAMBURG
9.99055,53.56048,MCDONALD'S,20354 HAMBURG
10.04638,53.55243,MCDONALD'S (MCDRIVE),20537 HAMBURG
9.9994,53.55052,MCDONALD'S,20095 HAMBURG
9.96368,53.5497,MCDONALD'S,20359 HAMBURG
10.15406,53.54565,MCDONALD'S,22113 OSTSTEINBEK
10.10422,53.53977,MCDONALD'S,22111 HAMBURG
10.22921,53.52334,MCDONALD'S (MCDRIVE),21509 GLINDE
9.9999,53.49926,MCDONALD'S (MCDRIVE),21109 HAMBURG
10.20741,53.49209,MCDONALD'S,21031 HAMBURG
10.21557,53.48632,MCDONALD'S,21029 HAMBURG
10.20677,53.48033,MCDONALD'S (MCDRIVE),21029 HAMBURG
9.9823,53.45992,MCDONALD'S,21073 HAMBURG
9.9866,53.45693,MCDONALD'S,21073 HAMBURG
9.9811,53.42144,MCDONALD'S (MCDRIVE),21077 HAMBURG
10.21876,53.33971,MCDONALD'S,21423 WINSEN (LUHE)
10.40255,53.27492,MCDONALD'S (MCDRIVE),21339 L�NEBURG
10.40871,53.24728,MCDONALD'S,21335 L�NEBURG
10.67359,53.88011,MCDONALD'S (MCDRIVE),23554 L�BECK
10.6876,53.86958,MCDONALD'S,23552 L�BECK
10.6876,53.86958,MCDONALD'S,23552 L�BECK
10.68265,53.86637,MCDONALD'S,23552 L�BECK
9.79324,53.6636,MCDONALD'S,25421 PINNEBERG
10.14404,53.57029,MCDONALD'S (MCDRIVE),22043 HAMBURG
10.02597,53.54259,MCDONALD'S (MCDRIVE),20097 HAMBURG
9.98427,53.68502,MCDONALD'S,22850 NORDERSTEDT
7.46714,53.47125,MCDONALD'S (MCDRIVE),26603 AURICH
10.79441,54.10002,MCDONALD'S (MCDRIVE),23730 NEUSTADT IN HOLSTEIN
10.37885,52.05024,MCDONALD'S (MCDRIVE),38259 SALZGITTER
10.34093,52.15323,MCDONALD'S (MCDRIVE),38226 SALZGITTER
10.52186,52.16285,MCDONALD'S (MCDRIVE),38304 WOLFENB�TTEL
10.52643,52.26364,MCDONALD'S,38100 BRAUNSCHWEIG
8.59778,53.56943,MCDONALD'S (MCDRIVE),27580 BREMERHAVEN
8.58942,53.52533,MCDONALD'S (MCDRIVE),27570 BREMERHAVEN
8.58045,53.54217,MCDONALD'S,27568 BREMERHAVEN
8.05909,52.27222,MCDONALD'S,49074 OSNABR�CK
8.07012,52.26245,MCDONALD'S (MCDRIVE),49084 OSNABR�CK
8.04481,52.27593,MCDONALD'S,49074 OSNABR�CK
8.05858,52.20564,MCDONALD'S (MCDRIVE),49124 GEORGSMARIENH�TTE
8.02427,52.29089,MCDONALD'S (MCDRIVE),49090 OSNABR�CK
9.89042,51.52791,MCDONALD'S (MCDRIVE),37081 G�TTINGEN
9.93459,51.53658,MCDONALD'S,37073 G�TTINGEN
10.81056,52.42724,MCDONALD'S (MCDRIVE),38446 WOLFSBURG
8.21336,53.14266,MCDONALD'S,26122 OLDENBURG (OLDB.)
8.16642,53.16038,MCDONALD'S (MCDRIVE),26129 OLDENBURG (OLDB.)
8.22984,53.17156,MCDONALD'S (MCDRIVE),26125 OLDENBURG (OLDB.)
8.25836,53.11843,MCDONALD'S (MCDRIVE),26135 OLDENBURG (OLDB.)
8.65395,53.03157,MCDONALD'S (MCDRIVE),27755 DELMENHORST
8.62937,53.0487,MCDONALD'S,27749 DELMENHORST
8.88768,53.06962,MCDONALD'S,28329 BREMEN
8.62807,53.16856,MCDONALD'S,28759 BREMEN
8.62084,53.18204,MCDONALD'S (MCDRIVE),28757 BREMEN
8.77119,53.06376,MCDONALD'S,28199 BREMEN
8.80848,53.0751,MCDONALD'S,28195 BREMEN
8.80373,53.07807,MCDONALD'S,28195 BREMEN
8.81124,53.08143,MCDONALD'S,28195 BREMEN
8.73968,53.13648,MCDONALD'S (MCDRIVE),28239 BREMEN
9.82145,52.29593,MCDONALD'S (MCDRIVE),30880 LAATZEN
9.77109,52.26574,MCDONALD'S,30982 PATTENSEN
9.8675,52.16091,MCDONALD'S (MCDRIVE),31180 GIESEN
9.79745,52.31769,MCDONALD'S (MCDRIVE),30880 LAATZEN
9.82667,52.42662,MCDONALD'S (MCDRIVE),30657 HANNOVER
9.73562,52.41249,MCDONALD'S (MCDRIVE),30179 HANNOVER
9.73343,52.37565,MCDONALD'S,30159 HANNOVER
9.73761,52.37505,MCDONALD'S,30159 HANNOVER
9.69102,52.34907,MCDONALD'S (MCDRIVE),30453 HANNOVER
9.76329,52.34344,MCDONALD'S (MCDRIVE),30519 HANNOVER
9.74021,52.37656,MCDONALD'S,30159 HANNOVER
9.41351,54.77625,MCDONALD'S (MCDRIVE),24941 FLENSBURG
9.39654,54.77337,MCDONALD'S,24941 FLENSBURG
9.43641,54.78321,MCDONALD'S,24937 FLENSBURG
9.35606,52.10179,MCDONALD'S,31785 HAMELN
8.70238,53.86113,MCDONALD'S,27472 CUXHAVEN
8.71485,53.85159,MCDONALD'S (MCDRIVE),27472 CUXHAVEN
9.98797,53.5553,MCDONALD'S,20354 HAMBURG
8.07222,53.52191,MCDONALD'S (MCDRIVE),26389 WILHELMSHAVEN
8.11467,53.51993,MCDONALD'S,26382 WILHELMSHAVEN
9.97816,54.08905,MCDONALD'S (MCDRIVE),24537 NEUM�NSTER
9.98689,54.07174,MCDONALD'S,24534 NEUM�NSTER
10.08261,52.62423,MCDONALD'S,29221 CELLE
8.65222,50.19041,MCDONALD'S (MCDRIVE),60437 FRANKFURT
8.69727,50.13755,MCDONALD'S (MCDRIVE),60389 FRANKFURT
8.74244,50.12327,MCDONALD'S (MCDRIVE),60314 FRANKFURT
8.66883,50.10852,MCDONALD'S,60329 FRANKFURT
8.54945,50.10093,MCDONALD'S,65929 FRANKFURT
8.60617,50.10016,MCDONALD'S (MCDRIVE),65933 FRANKFURT
8.80082,50.02126,MCDONALD'S (MCDRIVE),63128 DIETZENBACH
8.43476,50.00886,MCDONALD'S,65479 RAUNHEIM
8.57882,49.98371,MCDONALD'S,64546 M�RFELDEN-WALLDORF
8.71687,50.04774,MCDONALD'S (MCDRIVE),63263 NEU-ISENBURG
8.5348,50.16361,MCDONALD'S (MCDRIVE),65824 SCHWALBACH AM TAUNUS
8.2188,50.04504,MCDONALD'S,65203 WIESBADEN
8.22036,50.04891,MCDONALD'S (MCDRIVE),65203 WIESBADEN
8.25211,50.06321,MCDONALD'S (MCDRIVE),65189 WIESBADEN
8.24392,50.07152,MCDONALD'S,65189 WIESBADEN
8.23849,50.08198,MCDONALD'S,65183 WIESBADEN
8.63198,49.87287,MCDONALD'S,64293 DARMSTADT
8.65208,49.87165,MCDONALD'S,64283 DARMSTADT
8.65421,49.87105,MCDONALD'S,64283 DARMSTADT
8.27134,49.99889,MCDONALD'S,55116 MAINZ
8.27037,49.97139,MCDONALD'S (MCDRIVE),55129 MAINZ
8.69424,50.29961,MCDONALD'S (MCDRIVE),61191 ROSBACH VOR DER H�HE
8.74247,50.18974,MCDONALD'S (MCDRIVE),61118 BAD VILBEL
8.91749,50.13241,MCDONALD'S,63450 HANAU
8.93039,50.14175,MCDONALD'S (MCDRIVE),63452 HANAU
8.25899,50.0019,MCDONALD'S,55116 MAINZ
8.63391,50.15774,MCDONALD'S,60439 FRANKFURT
8.63315,50.15708,MCDONALD'S,60439 FRANKFURT
7.57659,50.38002,MCDONALD'S (MCDRIVE),56070 KOBLENZ
7.59247,50.35715,MCDONALD'S,56068 KOBLENZ
6.99076,49.23863,MCDONALD'S,66111 SAARBR�CKEN
6.99552,49.23376,MCDONALD'S,66111 SAARBR�CKEN
9.44709,51.31314,MCDONALD'S,34131 KASSEL
9.45173,51.30802,MCDONALD'S (MCDRIVE),34121 KASSEL
8.44382,49.48471,MCDONALD'S,67059 LUDWIGSHAFEN AM RHEIN
8.42193,49.47565,MCDONALD'S (MCDRIVE),67059 LUDWIGSHAFEN AM RHEIN
8.22895,49.96967,MCDONALD'S (MCDRIVE),55128 MAINZ
8.58509,50.05184,MCDONALD'S-FRANKFURT,60549 FRANKFURT
8.46957,50.55105,MCDONALD'S (MCDRIVE),35578 WETZLAR
8.64646,49.85205,MCDONALD'S (MCDRIVE),64285 DARMSTADT
6.64139,49.75699,MCDONALD'S,54290 TRIER
7.17451,49.34327,MCDONALD'S (MCDRIVE),66538 NEUNKIRCHEN
7.13605,49.26935,MCDONALD'S (MCDRIVE),66386 SANKT INGBERT
7.4588,50.42975,MCDONALD'S,56564 NEUWIED
8.67731,50.58493,MCDONALD'S,35390 GIESSEN
8.64521,50.58062,MCDONALD'S,35398 GIESSEN
8.68903,50.57236,MCDONALD'S (MCDRIVE),35394 GIESSEN
9.6832,50.55395,MCDONALD'S,36037 FULDA
7.76997,49.44386,MCDONALD'S,67655 KAISERSLAUTERN
7.6818,49.432,MCDONALD'S (MCDRIVE),67661 KAISERSLAUTERN
7.79111,49.45378,MCDONALD'S (MCDRIVE),67657 KAISERSLAUTERN
6.62179,49.73912,MCDONALD'S (MCDRIVE),54294 TRIER
8.36161,49.6496,MCDONALD'S (MCDRIVE),67547 WORMS
8.76871,50.83179,MCDONALD'S (MCDRIVE),35039 MARBURG
8.86177,50.13048,MCDONALD'S (MCDRIVE),63477 MAINTAL
8.42158,49.45161,MCDONALD'S (MCDRIVE),67065 LUDWIGSHAFEN AM RHEIN
8.48205,49.59321,MCDONALD'S (MCDRIVE),68623 LAMPERTHEIM
8.9141,49.87254,MCDONALD'S (MCDRIVE),64823 GROSS-UMSTADT
6.09043,50.76899,MCDONALD'S,52064 AACHEN
7.9119,51.76519,MCDONALD'S (MCDRIVE),59229 AHLEN
7.57256,51.01449,MCDONALD'S (MCDRIVE),51645 GUMMERSBACH
6.88026,51.49246,MCDONALD'S,46047 OBERHAUSEN
6.54486,51.43313,MCDONALD'S (MCDRIVE),47506 NEUKIRCHEN-VLUYN
8.38369,51.90786,MCDONALD'S,33330 G�TERSLOH
8.43977,51.88136,MCDONALD'S (MCDRIVE),33334 G�TERSLOH
6.5435,51.50912,MCDONALD'S (MCDRIVE),47475 KAMP-LINTFORT
8.08752,51.56397,MCDONALD'S (MCDRIVE),59494 SOEST
8.76496,51.73099,MCDONALD'S (MCDRIVE),33100 PADERBORN
11.50301,48.13983,MCDONALD'S,80687 M�NCHEN
11.47966,48.14519,MCDONALD'S (MCDRIVE),81241 M�NCHEN
11.67715,48.11933,MCDONALD'S (MCDRIVE),81825 M�NCHEN
11.57662,48.11323,MCDONALD'S,81539 M�NCHEN
11.50388,48.08773,MCDONALD'S (MCDRIVE),81477 M�NCHEN
11.51353,48.09778,MCDONALD'S,81379 M�NCHEN
11.56293,48.14918,MCDONALD'S,80333 M�NCHEN
11.57811,48.1362,MCDONALD'S,80331 M�NCHEN
11.60062,48.12833,MCDONALD'S,81667 M�NCHEN
11.58851,48.1614,MCDONALD'S,80802 M�NCHEN
11.56311,48.16101,MCDONALD'S,80797 M�NCHEN
11.5662,48.13897,MCDONALD'S,80335 M�NCHEN
11.59743,48.13572,MCDONALD'S,81675 M�NCHEN
11.66273,48.0642,MCDONALD'S,85521 OTTOBRUNN
11.2493,48.19403,MCDONALD'S (MCDRIVE),82256 F�RSTENFELDBRUCK
8.99753,48.70611,MCDONALD'S,71063 SINDELFINGEN
9.18221,48.78283,MCDONALD'S,70173 STUTTGART
9.17347,48.77354,MCDONALD'S,70178 STUTTGART
9.18939,48.89606,MCDONALD'S,71638 LUDWIGSBURG
11.55841,48.13097,MCDONALD'S,80336 M�NCHEN
11.53922,48.11703,MCDONALD'S,81373 M�NCHEN
11.44605,50.11327,MCDONALD'S (MCDRIVE),95326 KULMBACH
10.88166,48.39675,MCDONALD'S (MCDRIVE),86154 AUGSBURG
10.89524,48.36653,MCDONALD'S,86150 AUGSBURG
10.88753,48.36599,MCDONALD'S,86150 AUGSBURG
8.67749,49.40357,MCDONALD'S,69115 HEIDELBERG
8.69251,49.40813,MCDONALD'S,69115 HEIDELBERG
8.49056,49.46091,MCDONALD'S (MCDRIVE),68199 MANNHEIM
8.49902,49.47338,MCDONALD'S (MCDRIVE),68165 MANNHEIM
8.4687,49.4905,MCDONALD'S,68159 MANNHEIM
8.55664,49.5135,MCDONALD'S,68309 MANNHEIM
8.54706,49.51502,MCDONALD'S,68309 MANNHEIM
8.47258,49.49718,MCDONALD'S,68169 MANNHEIM
8.47088,49.47944,MCDONALD'S,68161 MANNHEIM
11.08015,49.44163,MCDONALD'S,90459 N�RNBERG
11.00528,49.59392,MCDONALD'S,91052 ERLANGEN
11.00429,49.59613,MCDONALD'S,91054 ERLANGEN
11.0157,49.45341,MCDONALD'S (MCDRIVE),90431 N�RNBERG
11.07739,49.45002,MCDONALD'S,90402 N�RNBERG
10.99062,49.47317,MCDONALD'S,90762 F�RTH
11.07499,49.46987,MCDONALD'S (MCDRIVE),90408 N�RNBERG
11.14112,49.4627,MCDONALD'S (MCDRIVE),90482 N�RNBERG
11.11606,49.48057,MCDONALD'S (MCDRIVE),90411 N�RNBERG
11.07679,49.45411,MCDONALD'S,90403 N�RNBERG
9.93098,49.79472,MCDONALD'S,97070 W�RZBURG
9.98727,49.79786,MCDONALD'S (MCDRIVE),97076 W�RZBURG
9.9542,49.79845,MCDONALD'S,97076 W�RZBURG
9.30867,48.71273,MCDONALD'S,73760 OSTFILDERN
11.43519,48.77154,MCDONALD'S (MCDRIVE),85055 INGOLSTADT
9.22596,49.17835,MCDONALD'S (MCDRIVE),74172 NECKARSULM
9.22364,49.12565,MCDONALD'S (MCDRIVE),74074 HEILBRONN
12.0899,49.02015,MCDONALD'S,93047 REGENSBURG
12.06334,49.00948,MCDONALD'S (MCDRIVE),93051 REGENSBURG
12.10993,48.99358,MCDONALD'S (MCDRIVE),93053 REGENSBURG
12.1001,49.01486,MCDONALD'S,93047 REGENSBURG
10.03618,48.38725,MCDONALD'S (MCDRIVE),89231 NEU-ULM
8.70025,48.8924,MCDONALD'S,75172 PFORZHEIM
9.21097,48.4956,MCDONALD'S,72764 REUTLINGEN
7.84895,47.99381,MCDONALD'S,79098 FREIBURG IM BREISGAU
7.844,48.02939,MCDONALD'S (MCDRIVE),79108 FREIBURG IM BREISGAU
7.86094,48.03013,MCDONALD'S,79108 FREIBURG IM BREISGAU
8.35174,49.01447,MCDONALD'S (MCDRIVE),76189 KARLSRUHE
8.37299,48.99022,MCDONALD'S (MCDRIVE),76135 KARLSRUHE
8.39448,49.01005,MCDONALD'S,76133 KARLSRUHE
8.4441,49.004,MCDONALD'S,76137 KARLSRUHE
8.39945,48.99447,MCDONALD'S,76137 KARLSRUHE
9.19699,48.69295,MCDONALD'S-STUTTGART,70771 LEINFELDEN-ECHTERDINGEN
10.92024,49.88393,MCDONALD'S (MCDRIVE),96050 BAMBERG
10.89874,49.90009,MCDONALD'S,96052 BAMBERG
12.12164,47.85315,MCDONALD'S,83022 ROSENHEIM
12.12545,47.84664,MCDONALD'S (MCDRIVE),83026 ROSENHEIM
8.23949,48.76124,MCDONALD'S,76530 BADEN-BADEN
9.20038,48.86691,MCDONALD'S (MCDRIVE),70806 KORNWESTHEIM
7.94309,48.47187,MCDONALD'S,77652 OFFENBURG
9.62348,47.79261,MCDONALD'S,88212 RAVENSBURG
9.48672,47.65942,MCDONALD'S (MCDRIVE),88046 FRIEDRICHSHAFEN
12.15165,48.53641,MCDONALD'S,84028 LANDSHUT
12.13638,48.56031,MCDONALD'S (MCDRIVE),84030 LANDSHUT
12.15695,48.53904,MCDONALD'S,84028 LANDSHUT
11.57571,49.94403,MCDONALD'S,95444 BAYREUTH
11.57926,49.94988,MCDONALD'S,95444 BAYREUTH
10.9049,48.36595,MCDONALD'S,86153 AUGSBURG
9.17696,47.65929,MCDONALD'S,78462 KONSTANZ
9.22148,50.00615,MCDONALD'S,63768 H�SBACH
9.17199,49.96521,MCDONALD'S (MCDRIVE),63739 ASCHAFFENBURG
8.46556,48.06905,MCDONALD'S (MCDRIVE),78048 VILLINGEN-SCHWENNINGEN
12.11825,49.02648,MCDONALD'S,93059 REGENSBURG
10.32848,47.73626,MCDONALD'S (MCDRIVE),87437 KEMPTEN (ALLG�U)
10.13452,48.88353,MCDONALD'S,73433 AALEN
13.45663,48.57384,MCDONALD'S,94032 PASSAU
13.41863,48.55708,MCDONALD'S (MCDRIVE),94036 PASSAU
13.82037,52.83469,MCDONALD'S,16225 EBERSWALDE
12.08168,50.87766,MCDONALD'S,7545 GERA
11.63653,52.13126,MCDONALD'S,39104 MAGDEBURG
11.58186,52.08023,MCDONALD'S (MCDRIVE),39116 MAGDEBURG
14.32753,51.7493,MCDONALD'S (MCDRIVE),3048 COTTBUS
13.12353,52.52838,MCDONALD'S (MCDRIVE),13591 BERLIN
13.23343,52.52743,MCDONALD'S (MCDRIVE),13597 BERLIN
13.33274,52.50631,MCDONALD'S,10623 BERLIN
13.43641,52.50085,MCDONALD'S (MCDRIVE),10997 BERLIN
13.30815,52.50022,MCDONALD'S,10707 BERLIN
13.45834,52.49123,MCDONALD'S,12435 BERLIN
13.42464,52.48662,MCDONALD'S,10967 BERLIN
13.43277,52.48243,MCDONALD'S,12043 BERLIN
13.37121,52.46932,MCDONALD'S (MCDRIVE),12103 BERLIN
13.32618,52.46232,MCDONALD'S,12163 BERLIN
13.4654,52.43634,MCDONALD'S (MCDRIVE),12351 BERLIN
13.45695,52.43068,MCDONALD'S,12351 BERLIN
13.38515,52.55046,MCDONALD'S,13357 BERLIN
13.38703,52.54929,MCDONALD'S,13357 BERLIN
13.36475,52.56074,MCDONALD'S (MCDRIVE),13409 BERLIN
13.41331,52.54837,MCDONALD'S,10437 BERLIN
13.37316,52.55663,MCDONALD'S,13359 BERLIN
13.35599,52.59751,MCDONALD'S (MCDRIVE),13439 BERLIN
13.46844,52.54685,MCDONALD'S,13053 BERLIN
13.53192,52.52566,MCDONALD'S (MCDRIVE),12681 BERLIN
13.5424,52.54263,MCDONALD'S,12679 BERLIN
13.05673,52.40059,MCDONALD'S,14467 POTSDAM
13.21932,52.53728,MCDONALD'S (MCDRIVE),13599 BERLIN
13.53052,52.51008,MCDONALD'S (MCDRIVE),10315 BERLIN
13.31292,52.41922,MCDONALD'S (MCDRIVE),12207 BERLIN
13.38154,52.41083,MCDONALD'S (MCDRIVE),12277 BERLIN
13.47665,52.5136,MCDONALD'S,10247 BERLIN
11.4109,53.62819,MCDONALD'S,19053 SCHWERIN
11.40825,53.63441,MCDONALD'S,19053 SCHWERIN
12.49376,50.71876,MCDONALD'S,8056 ZWICKAU
11.96801,51.48538,MCDONALD'S,6108 HALLE (SAALE)
11.98679,51.47804,MCDONALD'S,6112 HALLE (SAALE)
11.03511,50.97671,MCDONALD'S,99084 ERFURT
10.99537,51.00798,MCDONALD'S,99091 ERFURT
12.87383,50.85704,MCDONALD'S (MCDRIVE),9114 CHEMNITZ
12.37499,51.34305,MCDONALD'S,4109 LEIPZIG
12.30987,51.3276,MCDONALD'S,4179 LEIPZIG
12.26374,51.34777,MCDONALD'S (MCDRIVE),4178 LEIPZIG
12.37933,51.34502,MCDONALD'S,4109 LEIPZIG
12.37933,51.34502,MCDONALD'S,4109 LEIPZIG
12.08741,54.17845,MCDONALD'S,18119 ROSTOCK
12.13469,54.08845,MCDONALD'S,18055 ROSTOCK
13.32171,52.45806,MCDONALD'S,12163 BERLIN
11.32592,50.99097,MCDONALD'S,99423 WEIMAR
11.31588,50.96008,MCDONALD'S (MCDRIVE),99425 WEIMAR
12.24304,51.8318,MCDONALD'S,6844 DESSAU-ROSSLAU
13.30663,52.4769,MCDONALD'S (MCDRIVE),14197 BERLIN
11.44729,53.8742,MCDONALD'S,23970 WISMAR
13.39364,54.07272,MCDONALD'S (MCDRIVE),17489 GREIFSWALD
11.62836,52.12952,MCDONALD'S,39104 MAGDEBURG
13.13572,52.37195,MCDONALD'S,14480 POTSDAM
13.06717,52.39272,MCDONALD'S,14473 POTSDAM
13.59999,52.54805,MCDONALD'S,16356 AHRENSFELDE
14.31936,51.77891,MCDONALD'S (MCDRIVE),3044 COTTBUS
10.23413,50.04443,MCDONALD'S,97421 SCHWEINFURT
10.23283,50.03358,MCDONALD'S (MCDRIVE),97424 SCHWEINFURT
9.19547,48.6772,MCDONALD'S (MCDRIVE),70794 FILDERSTADT
11.56089,48.14016,MCDONALD'S,80335 M�NCHEN
11.08143,49.44651,MCDONALD'S,90443 N�RNBERG
11.08108,49.4464,MCDONALD'S,90443 N�RNBERG
12.94537,48.41805,MCDONALD'S (MCDRIVE),84347 PFARRKIRCHEN
9.48798,48.02194,MCDONALD'S (MCDRIVE),88348 BAD SAULGAU
11.34439,49.38155,MCDONALD'S (MCDRIVE),90518 ALTDORF BEI N�RNBERG
8.51305,47.96098,MCDONALD'S (MCDRIVE),78166 DONAUESCHINGEN
9.47351,48.41539,MCDONALD'S (MCDRIVE),72525 M�NSINGEN
11.69132,48.13338,MCDONALD'S,81829 M�NCHEN
8.47374,49.48475,MCDONALD'S,68161 MANNHEIM
8.78722,47.96763,MCDONALD'S (MCDRIVE),78532 TUTTLINGEN
8.74307,53.04732,MCDONALD'S,28259 BREMEN
9.69541,53.74686,MCDONALD'S (MCDRIVE),25337 ELMSHORN
9.12576,54.19863,MCDONALD'S (MCDRIVE),25746 HEIDE
6.79171,50.65848,MCDONALD'S,53879 EUSKIRCHEN
13.24534,52.76496,MCDONALD'S (MCDRIVE),16515 ORANIENBURG
13.24773,52.75478,MCDONALD'S,16515 ORANIENBURG
13.30798,52.63519,MCDONALD'S (MCDRIVE),16548 GLIENICKE/NORDBAHN
13.01838,52.30281,MCDONALD'S (MCDRIVE),14552 MICHENDORF
13.23864,52.39487,MCDONALD'S (MCDRIVE),14513 TELTOW
13.51568,52.60067,MCDONALD'S (MCDRIVE),16356 AHRENSFELDE
13.26106,53.51879,MCDONALD'S (MCDRIVE),17033 NEUBRANDENBURG
13.27086,53.5849,MCDONALD'S (MCDRIVE),17034 NEUBRANDENBURG
13.25716,53.55799,MCDONALD'S,17033 NEUBRANDENBURG
13.31424,52.30874,MCDONALD'S (MCDRIVE),14974 LUDWIGSFELDE
12.50063,50.7064,MCDONALD'S (MCDRIVE),8056 ZWICKAU
12.05964,52.23713,MCDONALD'S (MCDRIVE),39291 M�CKERN
8.85699,51.9461,MCDONALD'S (MCDRIVE),32758 DETMOLD
8.87804,51.93277,MCDONALD'S,32756 DETMOLD
6.59075,51.32765,MCDONALD'S (MCDRIVE),47805 KREFELD
6.9629,50.6266,MCDONALD'S (MCDRIVE),53359 RHEINBACH
6.68155,50.89667,MCDONALD'S (MCDRIVE),50170 KERPEN
6.85406,51.47373,MCDONALD'S,46045 OBERHAUSEN
6.92094,51.1899,MCDONALD'S (MCDRIVE),40724 HILDEN
7.2013,51.61672,MCDONALD'S,45657 RECKLINGHAUSEN
7.05492,51.18539,MCDONALD'S (MCDRIVE),42719 SOLINGEN
8.01654,50.87553,MCDONALD'S,57072 SIEGEN
6.81849,51.23478,MCDONALD'S (MCDRIVE),40237 D�SSELDORF
6.96857,50.97932,MCDONALD'S (MCDRIVE),50735 K�LN
7.02059,51.4682,MCDONALD'S (MCDRIVE),45141 ESSEN
8.66476,52.13197,MCDONALD'S (MCDRIVE),32051 HERFORD
6.76964,51.49589,MCDONALD'S (MCDRIVE),47166 DUISBURG
6.952,51.43688,MCDONALD'S (MCDRIVE),45472 M�LHEIM AN DER RUHR
7.30979,51.56149,MCDONALD'S (MCDRIVE),44575 CASTROP-RAUXEL
7.8388,50.99849,MCDONALD'S (MCDRIVE),57462 OLPE
8.53324,52.02332,MCDONALD'S,33602 BIELEFELD
9.12331,51.1322,MCDONALD'S (MCDRIVE),34537 BAD WILDUNGEN
8.25419,50.21658,MCDONALD'S (MCDRIVE),65510 IDSTEIN
9.0055,49.68744,MCDONALD'S (MCDRIVE),64720 MICHELSTADT
8.68115,50.43632,MCDONALD'S (MCDRIVE),35510 BUTZBACH
9.20686,50.91791,MCDONALD'S,34613 SCHWALMSTADT
9.7207,50.8615,MCDONALD'S (MCDRIVE),36251 BAD HERSFELD
10.01826,51.19704,MCDONALD'S (MCDRIVE),37269 ESCHWEGE
9.79016,50.962,MCDONALD'S (MCDRIVE),36179 BEBRA
8.48009,50.58478,MCDONALD'S (MCDRIVE),35614 ASSLAR
10.17628,51.00634,MCDONALD'S (MCDRIVE),37293 HERLESHAUSEN
8.66315,50.57967,MCDONALD'S,35390 GIESSEN
8.5253,50.12064,MCDONALD'S,65843 SULZBACH (TAUNUS)
11.47235,48.26254,MCDONALD'S (MCDRIVE),85221 DACHAU
12.31864,48.62654,MCDONALD'S (MCDRIVE),84109 W�RTH AN DER ISAR
9.04754,50.08935,MCDONALD'S (MCDRIVE),63755 ALZENAU
10.266,47.42601,MCDONALD'S (MCDRIVE),87538 FISCHEN I. ALLG�U
14.26329,51.43859,MCDONALD'S,2977 HOYERSWERDA
12.66551,51.89011,MCDONALD'S (MCDRIVE),6886 WITTENBERG. LUTHERSTADT
13.54458,52.55349,MCDONALD'S (MCDRIVE),12681 BERLIN
11.39213,53.60098,MCDONALD'S (MCDRIVE),19061 SCHWERIN
11.85462,50.96913,MCDONALD'S,7616 PETERSBERG
12.85305,52.75519,MCDONALD'S (MCDRIVE),16833 FEHRBELLIN
12.85498,52.75267,MCDONALD'S,16833 FEHRBELLIN
12.45152,53.157,MCDONALD'S (MCDRIVE),16909 WITTSTOCK/DOSSE
12.17499,51.34659,MCDONALD'S (MCDRIVE),6254 G�NTHERSDORF
12.17563,51.34645,MCDONALD'S,6254 G�NTHERSDORF
11.98422,51.37156,MCDONALD'S (MCDRIVE),6217 MERSEBURG
13.90641,51.84997,MCDONALD'S (MCDRIVE),3222 L�BBENAU/SPREEWALD
13.71917,50.99809,MCDONALD'S (MCDRIVE),1728 BANNEWITZ
13.48969,51.16502,MCDONALD'S (MCDRIVE),1662 MEISSEN
11.0767,51.88029,MCDONALD'S,38820 HALBERSTADT
12.47602,51.3488,MCDONALD'S,4328 LEIPZIG
12.70866,50.59611,MCDONALD'S (MCDRIVE),8280 AUE
13.16208,52.41985,MCDONALD'S (MCDRIVE),14109 BERLIN
13.33175,50.89566,MCDONALD'S (MCDRIVE),9599 FREIBERG
8.15928,49.33908,MCDONALD'S (MCDRIVE),67433 NEUSTADT AN DER WEINSTRASSE
9.2417,50.73376,MCDONALD'S (MCDRIVE),36304 ALSFELD
8.57003,50.05068,MCDONALD'S-FRANKFURT,60549 FRANKFURT
8.5706,50.05083,MCDONALD'S-FRANKFURT,60549 FRANKFURT
8.48456,49.83483,MCDONALD'S (MCDRIVE),64560 RIEDSTADT
8.5722,49.52738,MCDONALD'S (MCDRIVE),68519 VIERNHEIM
8.59988,50.13581,MCDONALD'S (MCDRIVE),60488 FRANKFURT
8.92927,50.11646,MCDONALD'S (MCDRIVE),63457 HANAU
8.79314,47.85586,MCDONALD'S (MCDRIVE),78234 ENGEN
8.83879,47.76153,MCDONALD'S,78224 SINGEN (HOHENTWIEL)
8.85199,47.75242,MCDONALD'S (MCDRIVE),78224 SINGEN (HOHENTWIEL)
7.75056,48.22705,MCDONALD'S (MCDRIVE),79336 HERBOLZHEIM
9.36659,48.67756,MCDONALD'S (MCDRIVE),73257 K�NGEN
11.88122,50.31166,MCDONALD'S (MCDRIVE),95030 HOF
11.44363,48.25489,MCDONALD'S,85221 DACHAU
11.10051,49.46948,MCDONALD'S,90491 N�RNBERG
9.68223,47.5458,MCDONALD'S,88131 LINDAU (BODENSEE)
11.56267,48.21326,MCDONALD'S,80933 M�NCHEN
11.64593,48.10081,MCDONALD'S,81737 M�NCHEN
10.87293,49.91758,MCDONALD'S (MCDRIVE),96103 HALLSTADT
9.43408,54.78626,MCDONALD'S,24937 FLENSBURG
9.29099,53.19374,MCDONALD'S (MCDRIVE),27404 GYHUM
10.05783,53.64816,MCDONALD'S (MCDRIVE),22339 HAMBURG
10.01032,53.55216,MCDONALD'S (MCDRIVE),20097 HAMBURG
9.96646,52.16485,MCDONALD'S (MCDRIVE),31135 HILDESHEIM
8.78624,53.10117,MCDONALD'S,28219 BREMEN
10.13926,54.30212,MCDONALD'S (MCDRIVE),24143 KIEL
8.87625,53.0819,MCDONALD'S (MCDRIVE),28329 BREMEN
7.32692,52.49732,MCDONALD'S (MCDRIVE),49809 LINGEN (EMS)
9.79693,51.9931,MCDONALD'S (MCDRIVE),31061 ALFELD (LEINE)
10.2428,52.33819,MCDONALD'S (MCDRIVE),31228 PEINE
9.41751,52.42816,MCDONALD'S (MCDRIVE),31515 WUNSTORF
10.72912,52.42316,MCDONALD'S (MCDRIVE),38442 WOLFSBURG
10.6775,53.84866,MCDONALD'S (MCDRIVE),23560 L�BECK
10.98629,52.24084,MCDONALD'S (MCDRIVE),38350 HELMSTEDT
7.60673,51.2391,MCDONALD'S (MCDRIVE),58507 L�DENSCHEID
7.78142,51.26253,MCDONALD'S (MCDRIVE),58791 WERDOHL
7.02444,52.08878,MCDONALD'S (MCDRIVE),48683 AHAUS
6.17129,51.66967,MCDONALD'S (MCDRIVE),47574 GOCH
10.03816,47.87938,MCDONALD'S (MCDRIVE),88317 AICHSTETTEN
9.06903,49.21005,MCDONALD'S (MCDRIVE),74906 BAD RAPPENAU
8.95134,47.747,MCDONALD'S,78315 RADOLFZELL AM BODENSEE
7.59272,47.5911,MCDONALD'S,79576 WEIL AM RHEIN
7.59643,47.59546,MCDONALD'S (MCDRIVE),79576 WEIL AM RHEIN
8.56523,49.13886,MCDONALD'S (MCDRIVE),76646 BRUCHSAL
7.852,48.11239,MCDONALD'S (MCDRIVE),79312 EMMENDINGEN
6.99823,51.46139,MCDONALD'S (MCDRIVE),45127 ESSEN
7.54545,52.16386,MCDONALD'S (MCDRIVE),48282 EMSDETTEN
7.46055,51.54591,MCDONALD'S (MCDRIVE),44339 DORTMUND
7.96042,51.45526,MCDONALD'S (MCDRIVE),59755 ARNSBERG
8.10499,51.57788,MCDONALD'S,59494 SOEST
7.71333,52.26021,MCDONALD'S (MCDRIVE),49479 IBBENB�REN
7.67536,51.38501,MCDONALD'S (MCDRIVE),58638 ISERLOHN
8.31781,51.84286,MCDONALD'S (MCDRIVE),33378 RHEDA-WIEDENBR�CK
7.90058,51.56277,MCDONALD'S (MCDRIVE),59457 WERL
13.11916,51.15331,MCDONALD'S (MCDRIVE),4720 GROSSWEITZSCHEN
13.37272,52.50741,MCDONALD'S,10785 BERLIN
11.03728,50.97293,MCDONALD'S,99084 ERFURT
13.12656,52.52628,MCDONALD'S,13591 BERLIN
12.29137,51.32023,MCDONALD'S,4209 LEIPZIG
6.62855,51.83147,MCDONALD'S (MCDRIVE),46395 BOCHOLT
8.394,51.05259,MCDONALD'S,57319 BAD BERLEBURG
8.04131,51.76675,MCDONALD'S (MCDRIVE),59269 BECKUM
8.27742,51.34938,MCDONALD'S,59872 MESCHEDE
8.03213,51.14765,MCDONALD'S (MCDRIVE),57368 LENNESTADT
8.77983,52.20561,MCDONALD'S (MCDRIVE),32584 L�HNE
8.56731,52.19733,MCDONALD'S (MCDRIVE),32257 B�NDE
7.05722,52.20329,MCDONALD'S (MCDRIVE),48599 GRONAU (WESTFALEN)
8.02716,50.95997,MCDONALD'S (MCDRIVE),57223 KREUZTAL
8.86585,52.02819,MCDONALD'S (MCDRIVE),32657 LEMGO
7.59919,52.09358,MCDONALD'S (MCDRIVE),48268 GREVEN
7.17137,51.92815,MCDONALD'S (MCDRIVE),48653 COESFELD
8.34909,51.67121,MCDONALD'S,59555 LIPPSTADT
8.92902,52.25058,MCDONALD'S (MCDRIVE),32457 PORTA WESTFALICA
8.62639,52.32137,MCDONALD'S (MCDRIVE),32312 L�BBECKE
8.5311,51.20109,MCDONALD'S (MCDRIVE),59955 WINTERBERG
9.01634,51.72111,MCDONALD'S (MCDRIVE),33014 BAD DRIBURG
7.33699,51.43888,MCDONALD'S,58452 WITTEN
7.31469,51.29873,MCDONALD'S (MCDRIVE),58256 ENNEPETAL
7.67261,51.69822,MCDONALD'S (MCDRIVE),59368 WERNE
6.61598,51.83537,MCDONALD'S,46395 BOCHOLT
7.45998,51.76674,MCDONALD'S (MCDRIVE),59348 L�DINGHAUSEN
7.61682,51.51331,MCDONALD'S (MCDRIVE),59439 HOLZWICKEDE
8.34096,51.46761,MCDONALD'S (MCDRIVE),59581 WARSTEIN
7.9716,51.95439,MCDONALD'S (MCDRIVE),48231 WARENDORF
7.0128,51.45181,MCDONALD'S,45127 ESSEN
8.58977,51.66642,MCDONALD'S (MCDRIVE),33154 SALZKOTTEN
7.21078,51.53147,MCDONALD'S (MCDRIVE),44625 HERNE
7.44073,51.38671,MCDONALD'S (MCDRIVE),58089 HAGEN
8.51555,51.59897,MCDONALD'S (MCDRIVE),59590 GESEKE
7.75281,51.45055,MCDONALD'S (MCDRIVE),58708 MENDEN (SAUERLAND)
7.2806,51.49469,MCDONALD'S,44791 BOCHUM
7.43589,52.27744,MCDONALD'S,48431 RHEINE
6.86402,51.84924,MCDONALD'S (MCDRIVE),46325 BORKEN
8.7503,51.7173,MCDONALD'S,33098 PADERBORN
7.33067,51.63192,MCDONALD'S (MCDRIVE),45711 DATTELN
8.7553,52.07663,MCDONALD'S (MCDRIVE),32105 BAD SALZUFLEN
7.63003,51.61395,MCDONALD'S,59192 BERGKAMEN
7.52726,51.61633,MCDONALD'S (MCDRIVE),44534 L�NEN
7.66373,51.98797,MCDONALD'S (MCDRIVE),48157 M�NSTER
7.99734,51.33731,MCDONALD'S (MCDRIVE),59846 SUNDERN (SAUERLAND)
7.46191,51.36243,MCDONALD'S,58089 HAGEN
7.91139,50.91202,MCDONALD'S (MCDRIVE),57258 FREUDENBERG
6.34643,51.52283,MCDONALD'S (MCDRIVE),47608 GELDERN
6.12901,51.78113,MCDONALD'S,47533 KLEVE
6.44396,51.81807,MCDONALD'S (MCDRIVE),46419 ISSELBURG
6.88295,51.45893,MCDONALD'S (MCDRIVE),45475 M�LHEIM AN DER RUHR
7.6537,51.10595,MCDONALD'S (MCDRIVE),58540 MEINERZHAGEN
7.07717,51.55174,MCDONALD'S (MCDRIVE),45891 GELSENKIRCHEN
7.22065,51.54262,MCDONALD'S,44623 HERNE
7.96636,51.69642,MCDONALD'S (MCDRIVE),59510 LIPPETAL
8.72912,48.54456,MCDONALD'S (MCDRIVE),72202 NAGOLD
7.79691,47.57583,MCDONALD'S (MCDRIVE),79618 RHEINFELDEN (BADEN)
9.79016,48.64601,MCDONALD'S (MCDRIVE),73329 KUCHEN
8.6958,49.27442,MCDONALD'S (MCDRIVE),69231 RAUENBERG
8.20664,47.91822,MCDONALD'S (MCDRIVE),79822 TITISEE-NEUSTADT
9.43043,48.64449,MCDONALD'S (MCDRIVE),73230 KIRCHHEIM UNTER TECK
9.57183,48.80874,MCDONALD'S (MCDRIVE),73660 URBACH
9.43898,48.93213,MCDONALD'S (MCDRIVE),71522 BACKNANG
9.13521,48.95316,MCDONALD'S (MCDRIVE),74321 BIETIGHEIM-BISSINGEN
7.18675,50.88497,MCDONALD'S (MCDRIVE),51503 R�SRATH
6.21644,51.05279,MCDONALD'S (MCDRIVE),41836 H�CKELHOVEN
7.11368,50.81865,MCDONALD'S (MCDRIVE),53842 TROISDORF
6.83104,51.29748,MCDONALD'S (MCDRIVE),40878 RATINGEN
6.79408,51.25227,MCDONALD'S (MCDRIVE),40470 D�SSELDORF
7.02314,51.28124,MCDONALD'S,42489 W�LFRATH
13.73935,51.0741,MCDONALD'S (MCDRIVE),1097 DRESDEN
13.19857,52.53338,MCDONALD'S,13581 BERLIN
12.44529,50.84159,MCDONALD'S,8393 MEERANE
12.97844,52.54033,MCDONALD'S,14641 WUSTERMARK
11.86884,52.61918,MCDONALD'S (MCDRIVE),39576 STENDAL
13.20426,52.65263,MCDONALD'S (MCDRIVE),16761 HENNIGSDORF
13.37281,54.39093,MCDONALD'S (MCDRIVE),18528 SEHLEN
11.34806,50.65783,MCDONALD'S (MCDRIVE),7318 SAALFELD/SAALE
13.64465,52.54373,MCDONALD'S,15366 HOPPEGARTEN
13.60277,52.31698,MCDONALD'S (MCDRIVE),15745 WILDAU
13.28842,52.58392,MCDONALD'S,13507 BERLIN
11.09681,53.4997,MCDONALD'S (MCDRIVE),19243 WITTENBURG
12.93712,52.36417,MCDONALD'S (MCDRIVE),14542 WERDER (HAVEL)
11.87276,50.88972,MCDONALD'S (MCDRIVE),7629 HERMSDORF
12.19222,53.81504,MCDONALD'S (MCDRIVE),18273 G�STROW
10.94261,51.80649,MCDONALD'S,38889 BLANKENBURG (HARZ)
11.57688,51.51069,MCDONALD'S (MCDRIVE),6295 EISLEBEN. LUTHERSTADT
11.79001,50.55175,MCDONALD'S (MCDRIVE),7907 SCHLEIZ
13.69694,52.84157,MCDONALD'S (MCDRIVE),16244 SCHORFHEIDE
9.71676,48.28981,MCDONALD'S (MCDRIVE),89584 EHINGEN (DONAU)
8.68953,49.03811,MCDONALD'S (MCDRIVE),75015 BRETTEN
8.85055,48.26207,MCDONALD'S (MCDRIVE),72336 BALINGEN
9.02594,48.22175,MCDONALD'S (MCDRIVE),72458 ALBSTADT
8.52852,48.03188,MCDONALD'S (MCDRIVE),78073 BAD D�RRHEIM
8.57373,48.16933,MCDONALD'S (MCDRIVE),78658 ZIMMERN OB ROTTWEIL
9.49478,51.31508,MCDONALD'S,34117 KASSEL
9.46424,51.35384,MCDONALD'S (MCDRIVE),34246 VELLMAR
9.57091,50.83257,MCDONALD'S (MCDRIVE),36275 KIRCHHEIM
8.74632,50.13929,MCDONALD'S (MCDRIVE),60388 FRANKFURT
6.54074,49.9619,MCDONALD'S (MCDRIVE),54634 BITBURG
8.28724,50.01887,MCDONALD'S (MCDRIVE),55252 WIESBADEN
8.82243,50.59803,MCDONALD'S (MCDRIVE),35447 REISKIRCHEN
8.29413,50.48123,MCDONALD'S (MCDRIVE),35781 WEILBURG
8.53598,50.90147,MCDONALD'S (MCDRIVE),35216 BIEDENKOPF
8.67133,49.96315,MCDONALD'S (MCDRIVE),63329 EGELSBACH
8.35281,49.54647,MCDONALD'S (MCDRIVE),67227 FRANKENTHAL (PFALZ)
7.59956,50.11623,MCDONALD'S (MCDRIVE),56291 PFALZFELD
7.01586,49.2284,MCDONALD'S (MCDRIVE),66121 SAARBR�CKEN
7.15726,49.4625,MCDONALD'S (MCDRIVE),66606 SANKT WENDEL
8.59721,49.67235,MCDONALD'S (MCDRIVE),64625 BENSHEIM
11.75317,48.38109,MCDONALD'S (MCDRIVE),85356 FREISING
11.04883,49.31916,MCDONALD'S (MCDRIVE),91126 SCHWABACH
11.17079,48.71978,MCDONALD'S (MCDRIVE),86633 NEUBURG AN DER DONAU
9.46337,51.83762,MCDONALD'S (MCDRIVE),37603 HOLZMINDEN
9.98913,51.69255,MCDONALD'S (MCDRIVE),37154 NORTHEIM
9.23362,52.9484,MCDONALD'S (MCDRIVE),27283 VERDEN (ALLER)
9.27846,51.97668,MCDONALD'S (MCDRIVE),31812 BAD PYRMONT
10.44475,51.91319,MCDONALD'S (MCDRIVE),38640 GOSLAR
11.08826,53.09139,MCDONALD'S (MCDRIVE),29451 DANNENBERG (ELBE)
10.54769,52.98683,MCDONALD'S,29525 UELZEN
10.23839,51.73263,MCDONALD'S (MCDRIVE),37520 OSTERODE AM HARZ
8.30132,54.90772,MCDONALD'S,25980 WESTERLAND
11.85475,48.08322,MCDONALD'S (MCDRIVE),85614 KIRCHSEEON
11.42605,47.90052,MCDONALD'S (MCDRIVE),82515 WOLFRATSHAUSEN
12.98723,47.59299,MCDONALD'S,83471 SCH�NAU AM K�NIGSSEE
10.20862,50.04867,MCDONALD'S (MCDRIVE),97421 SCHWEINFURT
11.35907,47.76587,MCDONALD'S (MCDRIVE),82377 PENZBERG
11.15206,47.85257,MCDONALD'S (MCDRIVE),82362 WEILHEIM IN OBERBAYERN
12.22235,48.04887,MCDONALD'S (MCDRIVE),83512 WASSERBURG A. INN
10.97698,48.27427,MCDONALD'S (MCDRIVE),86415 MERING
11.60223,49.95787,MCDONALD'S (MCDRIVE),95448 BAYREUTH
10.8731,47.80703,MCDONALD'S (MCDRIVE),86956 SCHONGAU
10.77057,49.12871,MCDONALD'S (MCDRIVE),91710 GUNZENHAUSEN
11.38857,48.77542,MCDONALD'S (MCDRIVE),85057 INGOLSTADT
12.11948,50.16784,MCDONALD'S (MCDRIVE),95100 SELB
11.42455,48.76324,MCDONALD'S,85049 INGOLSTADT
7.18544,53.60301,MCDONALD'S (MCDRIVE),26506 NORDEN
8.2842,52.71143,MCDONALD'S (MCDRIVE),49377 VECHTA
7.93192,53.25236,MCDONALD'S (MCDRIVE),26655 WESTERSTEDE
8.41309,52.89633,MCDONALD'S (MCDRIVE),27793 WILDESHAUSEN
7.98767,52.40422,MCDONALD'S (MCDRIVE),49565 BRAMSCHE
10.54296,52.47065,MCDONALD'S (MCDRIVE),38518 GIFHORN
8.35498,52.19073,MCDONALD'S (MCDRIVE),49324 MELLE
7.8513,53.01478,MCDONALD'S (MCDRIVE),26169 FRIESOYTHE
9.86084,52.38061,MCDONALD'S (MCDRIVE),30629 HANNOVER
10.63548,54.12313,MCDONALD'S (MCDRIVE),23701 EUTIN
7.9079,53.58135,MCDONALD'S (MCDRIVE),26441 JEVER
9.97995,53.80127,MCDONALD'S (MCDRIVE),24558 HENSTEDT-ULZBURG
10.82973,51.48877,MCDONALD'S (MCDRIVE),99734 NORDHAUSEN
14.45788,51.19019,MCDONALD'S (MCDRIVE),2625 BAUTZEN
13.28725,51.29545,MCDONALD'S (MCDRIVE),1587 RIESA
10.98896,51.01274,MCDONALD'S (MCDRIVE),99091 ERFURT
6.30827,51.07609,MCDONALD'S (MCDRIVE),41812 ERKELENZ
7.37302,51.1983,MCDONALD'S (MCDRIVE),42477 RADEVORMWALD
6.13048,50.92021,MCDONALD'S (MCDRIVE),52531 �BACH-PALENBERG
6.90733,51.11587,MCDONALD'S (MCDRIVE),40789 MONHEIM AM RHEIN
7.15681,51.27678,MCDONALD'S,42109 WUPPERTAL
6.9135,50.84524,MCDONALD'S (MCDRIVE),50321 BR�HL
6.12414,50.96107,MCDONALD'S,52511 GEILENKIRCHEN
6.97666,50.76298,MCDONALD'S (MCDRIVE),53332 BORNHEIM
6.57481,50.54994,MCDONALD'S (MCDRIVE),53925 KALL
6.80582,50.65206,MCDONALD'S (MCDRIVE),53879 EUSKIRCHEN
6.24653,50.82282,MCDONALD'S (MCDRIVE),52249 ESCHWEILER
6.90267,50.89205,MCDONALD'S (MCDRIVE),50354 H�RTH
7.00607,50.96111,MCDONALD'S,51065 K�LN
6.60754,51.09578,MCDONALD'S (MCDRIVE),41516 GREVENBROICH
7.05572,50.63343,MCDONALD'S,53340 MECKENHEIM
7.22702,50.63082,MCDONALD'S (MCDRIVE),53604 BAD HONNEF
9.30907,49.1432,MCDONALD'S (MCDRIVE),74248 ELLHOFEN
9.20444,48.08677,MCDONALD'S (MCDRIVE),72488 SIGMARINGEN
9.67864,49.28959,MCDONALD'S,74653 K�NZELSAU
7.58457,48.02407,MCDONALD'S (MCDRIVE),79206 BREISACH AM RHEIN
8.03704,48.6413,MCDONALD'S (MCDRIVE),77855 ACHERN
9.66825,49.62247,MCDONALD'S (MCDRIVE),97941 TAUBERBISCHOFSHEIM
10.28824,53.93343,MCDONALD'S (MCDRIVE),23795 BAD SEGEBERG
9.66291,54.30931,MCDONALD'S (MCDRIVE),24782 B�DELSDORF
9.57505,54.53049,MCDONALD'S (MCDRIVE),24837 SCHLESWIG
9.0762,54.48657,MCDONALD'S (MCDRIVE),25813 HUSUM
9.51664,53.92574,MCDONALD'S,25524 ITZEHOE
9.51333,53.91862,MCDONALD'S (MCDRIVE),25524 ITZEHOE
9.94428,54.65689,MCDONALD'S (MCDRIVE),24376 KAPPELN
9.12032,53.90047,MCDONALD'S (MCDRIVE),25541 BRUNSB�TTEL
9.09672,54.19482,MCDONALD'S,25746 HEIDE
10.13898,51.94691,MCDONALD'S (MCDRIVE),38723 SEESEN
9.21833,52.65227,MCDONALD'S (MCDRIVE),31582 NIENBURG (WESER)
8.06738,52.83976,MCDONALD'S (MCDRIVE),49661 CLOPPENBURG
10.13276,54.31419,MCDONALD'S,24114 KIEL
10.2402,51.51721,MCDONALD'S (MCDRIVE),37115 DUDERSTADT
9.39525,53.11712,MCDONALD'S (MCDRIVE),27356 ROTENBURG (W�MME)
10.82538,52.31098,MCDONALD'S (MCDRIVE),38154 K�NIGSLUTTER AM ELM
11.17909,54.44202,MCDONALD'S (MCDRIVE),23769 FEHMARN
9.68786,52.67424,MCDONALD'S (MCDRIVE),29690 BUCHHOLZ (ALLER)
9.97793,53.10086,MCDONALD'S (MCDRIVE),29646 BISPINGEN
9.85408,52.97241,MCDONALD'S (MCDRIVE),29614 SOLTAU
10.51025,52.30885,MCDONALD'S (MCDRIVE),38112 BRAUNSCHWEIG
10.0267,53.57014,MCDONALD'S,22087 HAMBURG
10.27151,53.48909,MCDONALD'S (MCDRIVE),21465 WENTORF BEI HAMBURG
9.9435,53.74322,MCDONALD'S (MCDRIVE),25451 QUICKBORN
8.78316,52.68484,MCDONALD'S (MCDRIVE),27232 SULINGEN
9.69212,52.85197,MCDONALD'S (MCDRIVE),29683 BAD FALLINGBOSTEL
9.16994,53.06059,MCDONALD'S (MCDRIVE),28870 OTTERSBERG
8.04087,52.84534,MCDONALD'S,49661 CLOPPENBURG
8.36171,52.60719,MCDONALD'S (MCDRIVE),49356 DIEPHOLZ
10.73426,53.70022,MCDONALD'S (MCDRIVE),23909 RATZEBURG
12.48599,51.1143,MCDONALD'S (MCDRIVE),4552 BORNA
12.59077,50.68025,MCDONALD'S (MCDRIVE),8134 WILDENFELS
10.03368,47.68958,MCDONALD'S (MCDRIVE),88316 ISNY IM ALLG�U
9.82421,47.69781,MCDONALD'S (MCDRIVE),88239 WANGEN IM ALLG�U
9.87683,48.21584,MCDONALD'S (MCDRIVE),88471 LAUPHEIM
10.04889,49.14245,MCDONALD'S (MCDRIVE),74564 CRAILSHEIM
9.94729,48.46547,MCDONALD'S (MCDRIVE),89160 DORNSTADT
9.76271,49.49539,MCDONALD'S (MCDRIVE),97980 BAD MERGENTHEIM
7.60435,47.80709,MCDONALD'S (MCDRIVE),79379 M�LLHEIM
9.69291,49.103,MCDONALD'S,74545 MICHELFELD
10.18351,48.95655,MCDONALD'S (MCDRIVE),73479 ELLWANGEN (JAGST)
9.01806,48.78497,MCDONALD'S (MCDRIVE),71229 LEONBERG
9.57779,47.6641,MCDONALD'S (MCDRIVE),88069 TETTNANG
10.07729,48.82804,MCDONALD'S (MCDRIVE),73431 AALEN
8.17914,48.77679,MCDONALD'S (MCDRIVE),76547 SINZHEIM
8.54342,49.41083,MCDONALD'S (MCDRIVE),68782 BR�HL
9.1918,47.77514,MCDONALD'S (MCDRIVE),88662 �BERLINGEN
13.3653,54.11686,MCDONALD'S (MCDRIVE),17498 NEUENKIRCHEN BEI GREIFSWALD
12.19295,54.11379,MCDONALD'S (MCDRIVE),18182 BENTWISCH
12.03524,54.10911,MCDONALD'S (MCDRIVE),18069 LAMBRECHTSHAGEN
14.27101,53.06506,MCDONALD'S (MCDRIVE),16303 SCHWEDT/ODER
11.82874,53.41772,MCDONALD'S,19370 PARCHIM
11.83118,51.14487,MCDONALD'S (MCDRIVE),6618 NAUMBURG (SAALE)
11.17166,52.84092,MCDONALD'S (MCDRIVE),29410 SALZWEDEL
11.7533,51.77419,MCDONALD'S (MCDRIVE),6406 BERNBURG (SAALE)
11.43256,52.28047,MCDONALD'S (MCDRIVE),39340 HALDENSLEBEN
12.71145,53.51836,MCDONALD'S (MCDRIVE),17192 WAREN (M�RITZ)
13.5793,52.45858,MCDONALD'S,12555 BERLIN
12.17374,48.97163,MCDONALD'S (MCDRIVE),93083 OBERTRAUBLING
10.96498,50.25933,MCDONALD'S,96450 COBURG
11.06446,49.69979,MCDONALD'S (MCDRIVE),91301 FORCHHEIM
11.00195,49.82015,MCDONALD'S,96114 HIRSCHAID
10.16781,48.00101,MCDONALD'S (MCDRIVE),87700 MEMMINGEN
12.65916,48.22631,MCDONALD'S (MCDRIVE),84503 ALT�TTING
12.75019,48.40026,MCDONALD'S (MCDRIVE),84307 EGGENFELDEN
11.10346,49.24757,MCDONALD'S (MCDRIVE),91154 ROTH
11.34142,49.04265,MCDONALD'S (MCDRIVE),91171 GREDING
11.01267,49.47849,MCDONALD'S (MCDRIVE),90765 F�RTH
11.77868,50.20239,MCDONALD'S (MCDRIVE),95213 M�NCHBERG
10.22514,50.33256,MCDONALD'S (MCDRIVE),97616 BAD NEUSTADT A.D. SAALE
11.25164,50.13643,MCDONALD'S (MCDRIVE),96224 BURGKUNSTADT
11.04539,50.13365,MCDONALD'S (MCDRIVE),96215 LICHTENFELS
9.77216,49.9563,MCDONALD'S (MCDRIVE),97753 KARLSTADT
11.08686,47.49257,MCDONALD'S,82467 GARMISCH-PARTENKIRCHEN
10.03548,48.33096,MCDONALD'S (MCDRIVE),89250 SENDEN
10.58314,49.30327,MCDONALD'S (MCDRIVE),91522 ANSBACH
10.76152,48.71832,MCDONALD'S (MCDRIVE),86609 DONAUW�RTH
10.26234,48.45347,MCDONALD'S (MCDRIVE),89312 G�NZBURG
10.96271,49.02001,MCDONALD'S (MCDRIVE),91781 WEISSENBURG IN BAYERN
10.47016,49.76903,MCDONALD'S (MCDRIVE),96160 GEISELWIND
10.44071,48.41179,MCDONALD'S (MCDRIVE),89343 JETTINGEN-SCHEPPACH
10.14641,49.74011,MCDONALD'S (MCDRIVE),97318 KITZINGEN
10.96442,49.58395,MCDONALD'S (MCDRIVE),91056 ERLANGEN
11.20212,47.69098,MCDONALD'S (MCDRIVE),82418 MURNAU A. STAFFELSEE
10.28606,47.51876,MCDONALD'S (MCDRIVE),87527 SONTHOFEN
13.01027,50.59156,MCDONALD'S (MCDRIVE),9456 ANNABERG-BUCHHOLZ
12.72572,51.25595,MCDONALD'S,4668 GRIMMA
14.35511,51.55883,MCDONALD'S (MCDRIVE),3130 SPREMBERG
14.6358,52.13105,MCDONALD'S (MCDRIVE),15890 EISENH�TTENSTADT
11.70773,52.02974,MCDONALD'S (MCDRIVE),39218 SCH�NEBECK (ELBE)
10.78998,51.85264,MCDONALD'S (MCDRIVE),38855 WERNIGERODE
13.88376,53.30486,MCDONALD'S (MCDRIVE),17291 PRENZLAU
13.27421,52.45875,MCDONALD'S (MCDRIVE),14195 BERLIN
14.09196,52.33366,MCDONALD'S (MCDRIVE),15517 F�RSTENWALDE/SPREE
14.00859,51.52791,MCDONALD'S (MCDRIVE),1968 SENFTENBERG
12.56902,48.88171,MCDONALD'S,94315 STRAUBING
12.60856,48.88423,MCDONALD'S (MCDRIVE),94315 STRAUBING
12.22128,49.93666,MCDONALD'S (MCDRIVE),95666 MITTERTEICH
10.48338,48.85451,MCDONALD'S,86720 N�RDLINGEN
12.48938,48.63837,MCDONALD'S (MCDRIVE),84130 DINGOLFING
11.77808,48.63258,MCDONALD'S (MCDRIVE),84048 MAINBURG
11.87146,48.91234,MCDONALD'S (MCDRIVE),93309 KELHEIM
12.1582,49.67452,MCDONALD'S,92637 WEIDEN IN DER OBERPFALZ
12.33463,48.45383,MCDONALD'S (MCDRIVE),84137 VILSBIBURG
10.07635,49.6645,MCDONALD'S (MCDRIVE),97199 OCHSENFURT
11.20639,49.36494,MCDONALD'S (MCDRIVE),90537 FEUCHT
11.56322,48.13745,MCDONALD'S,80336 M�NCHEN
12.89809,48.78947,MCDONALD'S (MCDRIVE),94447 PLATTLING
12.95997,48.85111,MCDONALD'S (MCDRIVE),94469 DEGGENDORF
11.28741,49.51513,MCDONALD'S (MCDRIVE),91207 LAUF AN DER PEGNITZ
11.83094,49.44366,MCDONALD'S (MCDRIVE),92224 AMBERG
10.52994,50.03115,MCDONALD'S (MCDRIVE),97437 HASSFURT
12.09575,48.53932,MCDONALD'S (MCDRIVE),84034 LANDSHUT
11.40073,50.25818,MCDONALD'S (MCDRIVE),96364 MARKTRODACH
13.52651,48.80784,MCDONALD'S (MCDRIVE),94078 FREYUNG
11.72779,49.17557,MCDONALD'S,92331 PARSBERG
11.58381,48.50893,MCDONALD'S (MCDRIVE),85301 SCHWEITENKIRCHEN
10.97233,48.3574,MCDONALD'S (MCDRIVE),86316 FRIEDBERG
9.26377,49.70703,MCDONALD'S (MCDRIVE),63927 B�RGSTADT
10.92416,50.69132,MCDONALD'S (MCDRIVE),98693 ILMENAU
10.29282,50.99362,MCDONALD'S (MCDRIVE),99817 EISENACH
13.7351,51.04318,MCDONALD'S,1069 DRESDEN
12.33857,51.51073,MCDONALD'S (MCDRIVE),4509 DELITZSCH
12.97165,51.56183,MCDONALD'S (MCDRIVE),4860 TORGAU
12.97459,50.907,MCDONALD'S (MCDRIVE),9244 LICHTENAU
10.68592,50.6438,MCDONALD'S (MCDRIVE),98544 ZELLA-MEHLIS
7.56286,49.41901,MCDONALD'S (MCDRIVE),66877 RAMSTEIN-MIESENBACH
7.38031,49.25555,MCDONALD'S (MCDRIVE),66482 ZWEIBR�CKEN
8.43768,49.31736,MCDONALD'S,67346 SPEYER
8.13877,49.74702,MCDONALD'S (MCDRIVE),55232 ALZEY
7.32097,49.32892,MCDONALD'S (MCDRIVE),66424 HOMBURG
7.33822,49.32151,MCDONALD'S,66424 HOMBURG
6.76008,49.28968,MCDONALD'S (MCDRIVE),66740 SAARLOUIS
7.10987,50.54532,MCDONALD'S (MCDRIVE),53474 BAD NEUENAHR-AHRWEILER
6.66684,50.22256,MCDONALD'S (MCDRIVE),54568 GEROLSTEIN
8.35713,49.84732,MCDONALD'S (MCDRIVE),55276 OPPENHEIM
6.72023,49.35685,MCDONALD'S (MCDRIVE),66763 DILLINGEN (SAAR)
6.72442,49.80469,MCDONALD'S,54344 KENN
7.42436,50.43483,MCDONALD'S (MCDRIVE),56626 ANDERNACH
7.2373,50.57131,MCDONALD'S (MCDRIVE),53424 REMAGEN
7.86516,50.79268,MCDONALD'S (MCDRIVE),57518 BETZDORF
7.23746,50.32799,MCDONALD'S (MCDRIVE),56727 MAYEN
8.01042,49.10291,MCDONALD'S (MCDRIVE),76887 BAD BERGZABERN
8.37149,49.22699,MCDONALD'S,76726 GERMERSHEIM
6.78444,49.28547,MCDONALD'S (MCDRIVE),66359 BOUS
6.75431,49.51279,MCDONALD'S (MCDRIVE),66679 LOSHEIM AM SEE
8.02303,49.9718,MCDONALD'S (MCDRIVE),55435 GAU-ALGESHEIM
8.03705,50.37249,MCDONALD'S (MCDRIVE),65582 DIEZ
7.86338,49.84295,MCDONALD'S,55543 BAD KREUZNACH
7.85253,50.4496,MCDONALD'S (MCDRIVE),56412 HEILIGENROTH
7.33573,49.61168,MCDONALD'S (MCDRIVE),55774 BAUMHOLDER
7.40732,49.73906,MCDONALD'S (MCDRIVE),55743 IDAR-OBERSTEIN
9.28996,50.25023,MCDONALD'S,63607 W�CHTERSBACH
8.2766,50.75032,MCDONALD'S (MCDRIVE),35683 DILLENBURG
9.73464,50.41894,MCDONALD'S,36148 KALBACH
7.74956,50.48328,MCDONALD'S (MCDRIVE),56424 MOGENDORF
7.5362,49.98087,MCDONALD'S (MCDRIVE),55469 SIMMERN/HUNSR�CK
9.39731,50.64254,MCDONALD'S (MCDRIVE),36341 LAUTERBACH (HESSEN)
9.53998,51.29731,MCDONALD'S (MCDRIVE),34123 KASSEL
9.71824,51.20417,MCDONALD'S (MCDRIVE),37235 HESSISCH LICHTENAU
8.98124,50.43077,MCDONALD'S (MCDRIVE),63667 NIDDA
8.63948,49.87137,MCDONALD'S,64295 DARMSTADT
8.78007,51.06001,MCDONALD'S (MCDRIVE),35066 FRANKENBERG (EDER)
7.7056,49.44637,MCDONALD'S (MCDRIVE),67659 KAISERSLAUTERN
7.58999,50.34953,MCDONALD'S,56068 KOBLENZ
8.53719,50.5364,MCDONALD'S,35578 WETZLAR
9.2748,51.12121,MCDONALD'S (MCDRIVE),34560 FRITZLAR
7.02807,49.28924,MCDONALD'S (MCDRIVE),66125 SAARBR�CKEN
6.86338,49.24482,MCDONALD'S (MCDRIVE),66333 V�LKLINGEN
7.50081,50.44248,MCDONALD'S (MCDRIVE),56566 NEUWIED
11.06899,49.70756,MCDONALD'S,91301 FORCHHEIM
12.68056,48.67807,MCDONALD'S (MCDRIVE),94405 LANDAU AN DER ISAR
11.56407,48.28354,MCDONALD'S (MCDRIVE),85716 UNTERSCHLEISSHEIM
12.09889,49.30922,MCDONALD'S (MCDRIVE),92421 SCHWANDORF
11.28842,48.56412,MCDONALD'S (MCDRIVE),86529 SCHROBENHAUSEN
10.97015,50.27212,MCDONALD'S (MCDRIVE),96450 COBURG
11.90347,47.82851,MCDONALD'S (MCDRIVE),83737 IRSCHENBERG
11.14454,50.34014,MCDONALD'S (MCDRIVE),96465 NEUSTADT BEI COBURG
12.13526,49.53295,MCDONALD'S (MCDRIVE),92533 WERNBERG-K�BLITZ
10.44745,48.57502,MCDONALD'S (MCDRIVE),89415 LAUINGEN (DONAU)
9.16513,49.98827,MCDONALD'S (MCDRIVE),63741 ASCHAFFENBURG
9.96964,52.79999,MCDONALD'S,29303 BERGEN
9.24702,52.23401,MCDONALD'S (MCDRIVE),31749 AUETAL
10.5028,53.82361,MCDONALD'S (MCDRIVE),23858 REINFELD (HOLSTEIN)
10.10899,53.5817,MCDONALD'S (MCDRIVE),22045 HAMBURG
9.87158,53.36333,MCDONALD'S (MCDRIVE),21244 BUCHHOLZ IN DER NORDHEIDE
9.12368,53.49361,MCDONALD'S (MCDRIVE),27432 BREMERV�RDE
10.02049,53.55291,MCDONALD'S,20097 HAMBURG
10.79021,52.42671,MCDONALD'S,38440 WOLFSBURG
9.64631,51.42815,MCDONALD'S (MCDRIVE),34346 HANN. M�NDEN
9.72459,52.44211,MCDONALD'S (MCDRIVE),30853 LANGENHAGEN
9.97262,52.38743,MCDONALD'S (MCDRIVE),31275 LEHRTE
8.47401,53.50374,MCDONALD'S (MCDRIVE),26954 NORDENHAM
8.22267,53.14332,MCDONALD'S,26122 OLDENBURG (OLDB.)
10.10792,52.60106,MCDONALD'S (MCDRIVE),29227 CELLE
8.80644,53.02926,MCDONALD'S (MCDRIVE),28816 STUHR
8.21605,52.81135,MCDONALD'S (MCDRIVE),49685 EMSTEK
13.73511,51.29454,MCDONALD'S (MCDRIVE),1561 THIENDORF
10.07699,50.18717,MCDONALD'S (MCDRIVE),97688 BAD KISSINGEN
10.32911,49.06773,MCDONALD'S (MCDRIVE),91550 DINKELSB�HL
11.60806,50.05488,MCDONALD'S (MCDRIVE),95502 HIMMELKRON
13.13665,48.96498,MCDONALD'S (MCDRIVE),94209 REGEN
11.54901,48.06691,MCDONALD'S,82031 GR�NWALD
11.42529,48.14302,MCDONALD'S (MCDRIVE),81243 M�NCHEN
10.50702,48.0459,MCDONALD'S (MCDRIVE),87719 MINDELHEIM
11.00142,49.31123,MCDONALD'S (MCDRIVE),91126 KAMMERSTEIN
10.84101,48.37645,MCDONALD'S (MCDRIVE),86391 STADTBERGEN
10.64192,47.8998,MCDONALD'S (MCDRIVE),87600 KAUFBEUREN
10.88461,48.34502,MCDONALD'S (MCDRIVE),86199 AUGSBURG
9.86533,47.59402,MCDONALD'S (MCDRIVE),88161 LINDENBERG IM ALLG�U
10.8665,48.06334,MCDONALD'S (MCDRIVE),86899 LANDSBERG AM LECH
11.46695,48.22593,MCDONALD'S (MCDRIVE),85757 KARLSFELD
12.14931,49.31452,MCDONALD'S (MCDRIVE),92421 SCHWANDORF
9.58537,50.00146,MCDONALD'S (MCDRIVE),97816 LOHR A. MAIN
11.26741,48.28053,MCDONALD'S (MCDRIVE),85254 SULZEMOOS
11.51217,48.18129,MCDONALD'S,80992 M�NCHEN
12.06412,47.84323,MCDONALD'S (MCDRIVE),83059 KOLBERMOOR
10.58374,49.57749,MCDONALD'S (MCDRIVE),91413 NEUSTADT AN DER AISCH
12.96604,47.84255,MCDONALD'S (MCDRIVE),83395 FREILASSING
12.34528,47.84408,MCDONALD'S (MCDRIVE),83209 PRIEN A. CHIEMSEE
11.75853,47.68606,MCDONALD'S,83700 KREUTH
11.17531,48.89688,MCDONALD'S (MCDRIVE),85072 EICHST�TT
11.68949,47.88664,MCDONALD'S (MCDRIVE),83607 HOLZKIRCHEN
10.60424,47.7735,MCDONALD'S (MCDRIVE),87616 MARKTOBERDORF
9.80194,48.08426,MCDONALD'S (MCDRIVE),88400 BIBERACH AN DER RISS
8.4501,49.55029,MCDONALD'S (MCDRIVE),68307 MANNHEIM
9.22666,48.47487,MCDONALD'S (MCDRIVE),72793 PFULLINGEN
9.38511,48.87156,MCDONALD'S (MCDRIVE),71364 WINNENDEN
8.25491,47.62183,MCDONALD'S (MCDRIVE),79761 WALDSHUT-TIENGEN
7.92997,47.55399,MCDONALD'S (MCDRIVE),79713 BAD S�CKINGEN
9.31512,49.51116,MCDONALD'S (MCDRIVE),74722 BUCHEN (ODENWALD)
8.95246,48.4796,MCDONALD'S (MCDRIVE),72108 ROTTENBURG AM NECKAR
9.68582,48.69688,MCDONALD'S (MCDRIVE),73054 EISLINGEN AN DER FILS
9.36376,48.81455,MCDONALD'S (MCDRIVE),71384 WEINSTADT
8.43605,48.46227,MCDONALD'S (MCDRIVE),72250 FREUDENSTADT
8.69645,48.45799,MCDONALD'S (MCDRIVE),72160 HORB AM NECKAR
8.77575,48.91998,MCDONALD'S (MCDRIVE),75223 NIEFERN-�SCHELBRONN
7.59272,47.90815,MCDONALD'S (MCDRIVE),79258 HARTHEIM
9.26682,49.05806,MCDONALD'S (MCDRIVE),74360 ILSFELD
10.08282,48.50045,MCDONALD'S (MCDRIVE),89129 LANGENAU
9.75809,48.51469,MCDONALD'S (MCDRIVE),89188 MERKLINGEN
9.22096,49.14543,MCDONALD'S,74072 HEILBRONN
8.63738,49.50702,MCDONALD'S (MCDRIVE),69493 HIRSCHBERG AN DER BERGSTRASSE
8.39419,49.03386,MCDONALD'S (MCDRIVE),76149 KARLSRUHE
9.52696,48.80691,MCDONALD'S,73614 SCHORNDORF
8.5545,49.14797,MCDONALD'S (MCDRIVE),76689 KARLSDORF-NEUTHARD
9.23185,48.84123,MCDONALD'S (MCDRIVE),70378 STUTTGART
9.17387,48.82115,MCDONALD'S,70469 STUTTGART
13.7394,51.6358,MCDONALD'S (MCDRIVE),3238 MASSEN-NIEDERLAUSITZ
11.90937,51.46163,MCDONALD'S (MCDRIVE),6179 ANGERSDORF
13.43504,52.50924,MCDONALD'S,10243 BERLIN
13.59949,52.59572,MCDONALD'S (MCDRIVE),16356 AHRENSFELDE
11.98599,51.76444,MCDONALD'S (MCDRIVE),6366 K�THEN (ANHALT)
11.98863,51.18744,MCDONALD'S (MCDRIVE),6667 WEISSENFELS
14.55328,52.34702,MCDONALD'S,15230 FRANKFURT (ODER)
13.44183,52.46892,MCDONALD'S,12055 BERLIN
11.95258,51.52216,MCDONALD'S (MCDRIVE),6118 HALLE (SAALE)
11.40529,53.65188,MCDONALD'S,19055 SCHWERIN
13.0887,52.38242,MCDONALD'S,14478 POTSDAM
12.01635,51.45421,MCDONALD'S (MCDRIVE),6116 HALLE (SAALE)
11.66405,52.17148,MCDONALD'S,39126 MAGDEBURG
13.08562,52.53139,MCDONALD'S,14624 DALLGOW-D�BERITZ
12.53307,52.43318,MCDONALD'S,14772 BRANDENBURG AN DER HAVEL
13.04968,54.32043,MCDONALD'S (MCDRIVE),18437 STRALSUND
13.73956,51.05002,MCDONALD'S,1067 DRESDEN
12.37452,51.3393,MCDONALD'S,4109 LEIPZIG
12.40078,51.39986,MCDONALD'S (MCDRIVE),4356 LEIPZIG
12.92054,50.79531,MCDONALD'S (MCDRIVE),9125 CHEMNITZ
12.86232,50.80743,MCDONALD'S (MCDRIVE),9116 CHEMNITZ
12.4985,51.26599,MCDONALD'S (MCDRIVE),4463 GROSSP�SNA
12.42827,51.28428,MCDONALD'S,4416 MARKKLEEBERG
11.07702,50.97629,MCDONALD'S (MCDRIVE),99099 ERFURT
10.75212,50.5144,MCDONALD'S (MCDRIVE),98553 SCHLEUSINGEN
12.13701,50.49481,MCDONALD'S,8523 PLAUEN
14.96817,51.16892,MCDONALD'S (MCDRIVE),2828 G�RLITZ
13.73452,51.04923,MCDONALD'S,1067 DRESDEN
12.19017,51.39962,MCDONALD'S (MCDRIVE),4435 SCHKEUDITZ
12.47606,51.3716,MCDONALD'S (MCDRIVE),4425 TAUCHA
11.58344,50.92819,MCDONALD'S,7743 JENA
12.39638,50.494,MCDONALD'S (MCDRIVE),8209 AUERBACH/VOGTL.
11.62032,50.87726,MCDONALD'S (MCDRIVE),7747 JENA
10.5528,50.92193,MCDONALD'S (MCDRIVE),99880 LAUCHA
11.51385,51.04232,MCDONALD'S (MCDRIVE),99510 APOLDA
11.03695,51.00365,MCDONALD'S,99086 ERFURT
10.41151,50.58981,MCDONALD'S (MCDRIVE),98617 MEININGEN
13.69252,51.08537,MCDONALD'S (MCDRIVE),1139 DRESDEN
12.28492,50.61913,MCDONALD'S (MCDRIVE),8468 REICHENBACH IM VOGTLAND
8.42977,49.98487,MCDONALD'S (MCDRIVE),65428 R�SSELSHEIM
8.37029,50.05813,MCDONALD'S (MCDRIVE),65719 HOFHEIM AM TAUNUS
9.75376,50.68811,MCDONALD'S (MCDRIVE),36088 H�NFELD
8.62468,49.64391,MCDONALD'S (MCDRIVE),64646 HEPPENHEIM (BERGSTRASSE)
6.62595,49.44286,MCDONALD'S (MCDRIVE),66663 MERZIG
8.1991,49.46799,MCDONALD'S (MCDRIVE),67098 BAD D�RKHEIM
8.63396,49.88676,MCDONALD'S (MCDRIVE),64293 DARMSTADT
8.09172,50.38116,MCDONALD'S (MCDRIVE),65552 LIMBURG AN DER LAHN
8.45472,49.47807,MCDONALD'S,67061 LUDWIGSHAFEN AM RHEIN
9.5323,50.38721,MCDONALD'S (MCDRIVE),36381 SCHL�CHTERN
7.89408,49.85166,MCDONALD'S (MCDRIVE),55543 BAD KREUZNACH
8.6489,50.53786,MCDONALD'S (MCDRIVE),35440 LINDEN
8.93031,50.32965,MCDONALD'S (MCDRIVE),61197 FLORSTADT
8.73428,50.10707,MCDONALD'S,63067 OFFENBACH AM MAIN
8.86013,51.2802,MCDONALD'S (MCDRIVE),34497 KORBACH
8.81729,50.11923,MCDONALD'S (MCDRIVE),63165 M�HLHEIM AM MAIN
8.60818,49.90148,MCDONALD'S (MCDRIVE),64331 WEITERSTADT
9.67493,50.54279,MCDONALD'S (MCDRIVE),36043 FULDA
10.63313,53.85271,MCDONALD'S,23556 L�BECK
9.98076,54.07608,MCDONALD'S,24534 NEUM�NSTER
9.74015,52.37567,MCDONALD'S,30159 HANNOVER
9.93157,51.55312,MCDONALD'S (MCDRIVE),37075 G�TTINGEN
7.29527,52.68369,MCDONALD'S (MCDRIVE),49716 MEPPEN
10.53127,52.1582,MCDONALD'S,38304 WOLFENB�TTEL
10.35337,53.43366,MCDONALD'S (MCDRIVE),21502 GEESTHACHT
8.1162,52.59783,MCDONALD'S (MCDRIVE),49451 HOLDORF
8.96077,53.05057,MCDONALD'S (MCDRIVE),28307 BREMEN
7.68725,52.51408,MCDONALD'S (MCDRIVE),49584 F�RSTENAU
10.13103,54.31533,MCDONALD'S,24103 KIEL
6.50851,50.78108,MCDONALD'S (MCDRIVE),52351 D�REN
6.95601,50.94194,MCDONALD'S,50667 K�LN
6.99146,50.81142,MCDONALD'S (MCDRIVE),50389 WESSELING
6.2211,50.77896,MCDONALD'S (MCDRIVE),52222 STOLBERG (RHEINLAND)
6.26134,50.57836,MCDONALD'S (MCDRIVE),52156 MONSCHAU
7.2859,50.77351,MCDONALD'S,53773 HENNEF (SIEG)
6.94238,50.92851,MCDONALD'S,50674 K�LN
6.7657,51.27812,MCDONALD'S-D�SSELDORF,40474 D�SSELDORF
6.15344,50.80483,MCDONALD'S (MCDRIVE),52146 W�RSELEN
7.63623,50.88548,MCDONALD'S (MCDRIVE),51545 WALDBR�L
6.84576,51.16558,MCDONALD'S (MCDRIVE),40589 D�SSELDORF
7.01388,51.02761,MCDONALD'S,51377 LEVERKUSEN
6.10102,51.06539,MCDONALD'S (MCDRIVE),52525 HEINSBERG
6.68272,51.18333,MCDONALD'S (MCDRIVE),41464 NEUSS
6.95204,51.253,MCDONALD'S (MCDRIVE),40822 METTMANN
6.95352,50.93648,MCDONALD'S,50667 K�LN
6.95795,50.94229,MCDONALD'S,50667 K�LN
6.96168,50.9146,MCDONALD'S (MCDRIVE),50968 K�LN
6.65273,50.9421,MCDONALD'S (MCDRIVE),50126 BERGHEIM
7.0209,51.33226,MCDONALD'S,42549 VELBERT
12.30172,51.82361,MCDONALD'S (MCDRIVE),6842 DESSAU-ROSSLAU
13.41552,52.52247,MCDONALD'S,10178 BERLIN
13.56061,52.36726,MCDONALD'S (MCDRIVE),12529 SCH�NEFELD
11.72092,53.00372,MCDONALD'S,19322 WITTENBERGE
12.78452,52.91769,MCDONALD'S (MCDRIVE),16816 NEURUPPIN
13.55808,52.50725,MCDONALD'S,12683 BERLIN
12.03301,51.50117,MCDONALD'S (MCDRIVE),6116 HALLE (SAALE)
13.45402,52.51525,MCDONALD'S,10243 BERLIN
11.30416,51.45025,MCDONALD'S (MCDRIVE),6526 SANGERHAUSEN
13.86783,52.55621,MCDONALD'S (MCDRIVE),15344 STRAUSBERG
11.49305,52.17609,MCDONALD'S (MCDRIVE),39326 HOHENWARSLEBEN
13.42913,52.57402,MCDONALD'S (MCDRIVE),13189 BERLIN
13.50984,52.45636,MCDONALD'S,12439 BERLIN
13.33887,52.50315,MCDONALD'S,10789 BERLIN
13.38715,52.52662,MCDONALD'S,10117 BERLIN
13.1118,52.37625,MCDONALD'S (MCDRIVE),14482 POTSDAM
13.62362,52.50415,MCDONALD'S (MCDRIVE),12623 BERLIN
11.48488,51.76747,MCDONALD'S (MCDRIVE),6449 ASCHERSLEBEN
13.49765,52.50944,MCDONALD'S,10317 BERLIN
13.74307,52.42797,MCDONALD'S (MCDRIVE),15537 ERKNER
13.52217,52.49727,MCDONALD'S,10319 BERLIN
13.32489,52.5611,MCDONALD'S (MCDRIVE),13405 BERLIN
10.06876,49.18168,MCDONALD'S (MCDRIVE),74589 SATTELDORF
8.66475,49.54879,MCDONALD'S (MCDRIVE),69469 WEINHEIM
9.28324,48.81655,MCDONALD'S (MCDRIVE),70736 FELLBACH
8.53931,49.32681,MCDONALD'S (MCDRIVE),68766 HOCKENHEIM
9.14937,48.92231,MCDONALD'S (MCDRIVE),71634 LUDWIGSBURG
8.2954,48.82211,MCDONALD'S (MCDRIVE),76571 GAGGENAU
7.84217,47.99738,MCDONALD'S,79098 FREIBURG IM BREISGAU
8.65468,48.9041,MCDONALD'S (MCDRIVE),75179 PFORZHEIM
7.6625,47.61328,MCDONALD'S,79539 L�RRACH
9.98433,48.39964,MCDONALD'S,89073 ULM
8.68252,49.39731,MCDONALD'S (MCDRIVE),69115 HEIDELBERG
9.11657,49.33754,MCDONALD'S (MCDRIVE),74821 MOSBACH
10.16703,48.69202,MCDONALD'S (MCDRIVE),89520 HEIDENHEIM AN DER BRENZ
12.58501,47.96605,MCDONALD'S (MCDRIVE),83301 TRAUNREUT
11.59504,48.26397,MCDONALD'S (MCDRIVE),85764 OBERSCHLEISSHEIM
11.76328,48.17656,MCDONALD'S (MCDRIVE),85551 KIRCHHEIM BEI M�NCHEN
12.66307,49.2023,MCDONALD'S (MCDRIVE),93413 CHAM
12.01408,48.48584,MCDONALD'S (MCDRIVE),84174 ECHING
11.86119,48.80998,MCDONALD'S (MCDRIVE),93326 ABENSBERG
13.31145,48.3947,MCDONALD'S (MCDRIVE),94060 POCKING
12.80289,48.16292,MCDONALD'S (MCDRIVE),84489 BURGHAUSEN
9.72795,47.5486,MCDONALD'S (MCDRIVE),88131 LINDAU (BODENSEE)
11.58575,48.12149,MCDONALD'S (MCDRIVE),81541 M�NCHEN
11.58482,48.19206,MCDONALD'S (MCDRIVE),80939 M�NCHEN
9.13394,50.20332,MCDONALD'S (MCDRIVE),63584 GR�NDAU
8.13109,49.19303,MCDONALD'S (MCDRIVE),76829 LANDAU IN DER PFALZ
8.06561,50.59889,MCDONALD'S (MCDRIVE),56477 RENNEROD
7.82486,49.92448,MCDONALD'S (MCDRIVE),55444 WALDLAUBERSHEIM
7.62401,50.68958,MCDONALD'S (MCDRIVE),57610 ALTENKIRCHEN (WESTERWALD)
8.45042,49.4809,MCDONALD'S,67059 LUDWIGSHAFEN AM RHEIN
7.52617,50.56596,MCDONALD'S (MCDRIVE),56594 WILLROTH
8.74568,50.08458,MCDONALD'S (MCDRIVE),63069 OFFENBACH AM MAIN
7.93616,49.98105,MCDONALD'S (MCDRIVE),65385 R�DESHEIM AM RHEIN
10.19057,53.60884,MCDONALD'S (MCDRIVE),22143 HAMBURG
8.87732,54.76079,MCDONALD'S (MCDRIVE),25920 RISUM-LINDHOLM
10.40993,51.93014,MCDONALD'S (MCDRIVE),38644 GOSLAR
10.10166,54.31342,MCDONALD'S,24113 KIEL
8.74797,52.8599,MCDONALD'S (MCDRIVE),27211 BASSUM
9.96217,53.60273,MCDONALD'S (MCDRIVE),22529 HAMBURG
7.20904,53.39171,MCDONALD'S (MCDRIVE),26721 EMDEN
9.61495,52.43023,MCDONALD'S (MCDRIVE),30827 GARBSEN
7.08447,52.44072,MCDONALD'S (MCDRIVE),48531 NORDHORN
9.19213,52.31045,MCDONALD'S (MCDRIVE),31655 STADTHAGEN
8.82777,52.91448,MCDONALD'S,28857 SYKE
9.47573,52.50378,MCDONALD'S (MCDRIVE),31535 NEUSTADT AM R�BENBERGE
9.41383,52.33385,MCDONALD'S (MCDRIVE),30890 BARSINGHAUSEN
10.45255,51.2227,MCDONALD'S (MCDRIVE),99974 M�HLHAUSEN/TH�RINGEN
13.80423,50.99477,MCDONALD'S (MCDRIVE),1257 DRESDEN
14.23777,51.42908,MCDONALD'S (MCDRIVE),2977 HOYERSWERDA
10.72176,50.91984,MCDONALD'S (MCDRIVE),99867 GOTHA
10.9578,50.85647,MCDONALD'S (MCDRIVE),99310 ARNSTADT
12.09983,50.0133,MCDONALD'S (MCDRIVE),95615 MARKTREDWITZ
11.06144,49.42797,MCDONALD'S (MCDRIVE),90441 N�RNBERG
11.14339,49.42741,MCDONALD'S (MCDRIVE),90480 N�RNBERG
11.3712,48.13917,MCDONALD'S (MCDRIVE),82110 GERMERING
11.46967,48.16476,MCDONALD'S,81247 M�NCHEN
11.61357,48.18849,MCDONALD'S (MCDRIVE),80939 M�NCHEN
10.68106,47.5679,MCDONALD'S (MCDRIVE),87629 F�SSEN
11.44025,49.28927,MCDONALD'S (MCDRIVE),92318 NEUMARKT IN DER OBERPFALZ
10.93661,48.38339,MCDONALD'S (MCDRIVE),86165 AUGSBURG
11.0641,49.4481,MCDONALD'S,90443 N�RNBERG
11.60222,48.0564,MCDONALD'S (MCDRIVE),82008 UNTERHACHING
11.60621,48.1873,MCDONALD'S,80807 M�NCHEN
11.5882,48.19266,MCDONALD'S,80939 M�NCHEN
11.53159,48.18432,MCDONALD'S (MCDRIVE),80993 M�NCHEN
11.53052,48.18296,MCDONALD'S,80993 M�NCHEN
11.5311,48.0478,MCDONALD'S (MCDRIVE),82031 GR�NWALD
11.1023,47.50207,MCDONALD'S (MCDRIVE),82467 GARMISCH-PARTENKIRCHEN
12.41756,48.21174,MCDONALD'S (MCDRIVE),84478 WALDKRAIBURG
12.12334,49.02739,MCDONALD'S (MCDRIVE),93059 REGENSBURG
12.62915,47.85493,MCDONALD'S (MCDRIVE),83278 TRAUNSTEIN
9.07088,49.99394,MCDONALD'S (MCDRIVE),63801 KLEINOSTHEIM
9.9405,49.76791,MCDONALD'S (MCDRIVE),97084 W�RZBURG
11.53507,48.15234,MCDONALD'S,80634 M�NCHEN
10.11714,50.00352,MCDONALD'S (MCDRIVE),97440 WERNECK
11.63549,48.30626,MCDONALD'S (MCDRIVE),85386 ECHING
13.41513,48.57229,MCDONALD'S (MCDRIVE),94036 PASSAU
11.89737,48.28388,MCDONALD'S (MCDRIVE),85435 ERDING
8.72432,51.70502,MCDONALD'S (MCDRIVE),33106 PADERBORN
8.5917,52.01025,MCDONALD'S,33719 BIELEFELD
7.37183,51.49463,MCDONALD'S,44149 DORTMUND
7.45829,51.51663,MCDONALD'S,44137 DORTMUND
7.49478,51.50356,MCDONALD'S (MCDRIVE),44141 DORTMUND
7.57284,51.50532,MCDONALD'S (MCDRIVE),44287 DORTMUND
8.57589,51.40637,MCDONALD'S (MCDRIVE),59929 BRILON
6.93524,51.51131,MCDONALD'S (MCDRIVE),46242 BOTTROP
7.18015,51.60896,MCDONALD'S (MCDRIVE),45659 RECKLINGHAUSEN
8.90245,52.2784,MCDONALD'S (MCDRIVE),32427 MINDEN
6.96491,51.56636,MCDONALD'S (MCDRIVE),45964 GLADBECK
7.73499,52.14717,MCDONALD'S,49549 LADBERGEN
6.96377,51.75431,MCDONALD'S (MCDRIVE),46286 DORSTEN
9.14744,48.83782,MCDONALD'S (MCDRIVE),70439 STUTTGART
9.16112,48.80975,MCDONALD'S,70469 STUTTGART
7.81232,48.57709,MCDONALD'S (MCDRIVE),77694 KEHL
9.25465,48.76333,MCDONALD'S (MCDRIVE),70327 STUTTGART
9.17743,48.77561,MCDONALD'S,70173 STUTTGART
9.58716,49.77118,MCDONALD'S (MCDRIVE),97877 WERTHEIM
8.84885,49.90847,MCDONALD'S (MCDRIVE),64807 DIEBURG
7.26931,50.38136,MCDONALD'S (MCDRIVE),56743 MENDIG
8.42937,49.33841,MCDONALD'S (MCDRIVE),67346 SPEYER
6.90576,49.98055,MCDONALD'S (MCDRIVE),54516 WITTLICH
7.59572,49.21404,MCDONALD'S (MCDRIVE),66953 PIRMASENS
7.35049,49.24838,MCDONALD'S (MCDRIVE),66482 ZWEIBR�CKEN
8.70308,50.03176,MCDONALD'S,63303 DREIEICH
8.18528,49.55372,MCDONALD'S (MCDRIVE),67281 KIRCHHEIM AN DER WEINSTRASSE
9.00776,51.48841,MCDONALD'S (MCDRIVE),34474 DIEMELSTADT
12.06357,54.13292,MCDONALD'S (MCDRIVE),18109 ROSTOCK
12.78142,52.15989,MCDONALD'S (MCDRIVE),14822 LINTHE
12.2592,51.66705,MCDONALD'S,6766 BITTERFELD-WOLFEN
11.84299,52.25877,MCDONALD'S (MCDRIVE),39288 BURG
11.60956,52.15928,MCDONALD'S (MCDRIVE),39128 MAGDEBURG
12.89188,50.79526,MCDONALD'S,9122 CHEMNITZ
9.03098,48.70355,MCDONALD'S,71065 SINDELFINGEN
10.91537,49.57347,MCDONALD'S (MCDRIVE),91074 HERZOGENAURACH
6.08773,50.77534,MCDONALD'S,52062 AACHEN
11.3465,48.00262,MCDONALD'S (MCDRIVE),82319 STARNBERG
6.89641,49.41065,MCDONALD'S (MCDRIVE),66822 LEBACH
12.92429,50.83488,MCDONALD'S,9111 CHEMNITZ
9.99513,53.55208,MCDONALD'S,20095 HAMBURG
10.06883,53.57263,MCDONALD'S,22041 HAMBURG